floor,number,artist,title,museum,place,memo,rank
B3,1,ミケランジェロ,システィーナ礼拝堂天井画および壁画,システィーナ礼拝堂,ヴァティカン,,S
B3,2,エル・グレコ,三位一体,プラド美術館,マドリード / スペイン,,B
B3,3,エル・グレコ,聖アンデレと聖フランチェスコ,プラド美術館,マドリード / スペイン,,
B3,4,エル・グレコ,聖マウリティウスの殉教,エル・エスコリアル美術館,エル・エスコリアル / スペイン,,B
B3,5,エル・グレコ,オルガス伯爵の埋葬,サント・トメ聖堂,トレド / スペイン,,A
B3,6,エル・グレコ,エル・グレコの祭壇衝立復元,プラド美術館、マドリード、スペイン/ルーマニア国立美術館,ブカレスト / ルーマニア,,
B3,137,,聖マルタン聖堂壁画,聖マルタン聖堂,ノアン・ヴィック / フランス,,
B3,138,,聖ニコラオス・オルファノス聖堂壁画,聖ニコラオス・オルファノス聖堂,テサロニキ / ギリシア,,
B3,7,,秘儀の間,秘儀荘,ポンペイ / イタリア,,B
B3,8,,鳥占い師の墓,モンテロッツィ墓地,タルクィニア / イタリア,,
B3,9,,貝殻のヴィーナス,貝殻のヴィーナスの家,ポンペイ / イタリア,,
B3,10,,大狩猟図,カサーレのローマ別荘,ピアッツァ・アルメリーナ / イタリア,,
B3,11,ヴァティカン73の画家,コリントス式オルペ,ヴァティカン美術館,ヴァティカン,,
B3,12,スフィンクスの画家,動物のパラダイス,ヴィラ・ジュリア国立博物館,ローマ / イタリア,,
B3,13,,プロメテウスを解放するヘラクレス,フィレンツェ国立考古学博物館,フィレンツェ / イタリア,,
B3,14,,死者の周りを踊る女たち,ナポリ国立考古学博物館,ナポリ / イタリア,,
B3,15,,ヘラクレスとアルキュオネウス,ヴァティカン美術館,ヴァティカン,,
B3,16,エクセキアス,ペンテシレイアを殺すアキレウス,大英博物館,ロンドン / イギリス,,
B3,17,ソシアスの画家,パトロクロスとアキレウス,ベルリン国立古代博物館,ベルリン / ドイツ,,
B3,18,,マケドニア王家の人々,ナポリ国立考古学博物館,ナポリ / イタリア,,
B3,19,アキレウスの画家,アキレウス,ヴァティカン美術館,ヴァティカン,,
B3,20,,春,ナポリ国立考古学博物館,ナポリ / イタリア,,
B3,21,,巨人族の戦い,フェッラーラ国立考古学博物館,フェッラーラ / イタリア,,
B3,22,ニオビダイの画家,ギリシア人とアマゾン族の戦い,ナポリ国立考古学博物館,ナポリ / イタリア,,
B3,23,,獅子狩り,ペラ考古学博物館,ペラ / ギリシア,,
B3,70,,戦士の帰還,ナポリ国立考古学博物館,ナポリ / イタリア,,
B3,71,,身づくろいする鳩,カピトリーノ美術館,ローマ / イタリア,,
B3,111,,,デロス考古学博物館,デロス / ギリシア,,
B3,112,,メナンドロス,メナンドロスの家,ポンペイ / イタリア,,
B3,113,,新喜劇の一場面,カスカ・ロングスの家（演劇画の家）,ポンペイ / イタリア,,
B3,114,,新喜劇の一場面,ナポリ国立考古学博物館,ナポリ / イタリア,,
B3,115,,新喜劇の一場面,ナポリ国立考古学博物館,ナポリ / イタリア,,
B3,116,ベルリンの画家,ヘルメスとサテュロス,ベルリン国立古代博物館,ベルリン / ドイツ,,
B3,117,,ヴィーナスとヘスペロス,アポロンの家,ポンペイ / イタリア,,
B3,118,,吝嗇家カリノスと二人の泥棒,ベルリン国立古代博物館,ベルリン / ドイツ,,
B3,119,,悲劇俳優,ナポリ国立考古学博物館,ナポリ / イタリア,,
B3,120,,祭の行進,ナポリ国立考古学博物館,ナポリ / イタリア,,
B3,121,エウフロニオス,パラエストラ,ベルリン国立古代博物館,ベルリン / ドイツ,,
B3,122,ボローニャ417の画家,イソップと狐（?）,ヴァティカン美術館,ヴァティカン,,
B3,123,鋳造所の画家,青銅像の制作,ベルリン国立古代博物館,ベルリン / ドイツ,,
B3,124,アンティフォンの画家,運動家,ベルリン国立古代博物館,ベルリン / ドイツ,,
B3,125,,宴会の場面,ナポリ国立考古学博物館,ナポリ / イタリア,,
B3,126,,酩酊したシレノスとサテュロス,クリプトポルティコの家,ポンペイ / イタリア,,
B3,127,,酒宴と踊り,ヴィラ・ジュリア国立博物館,ローマ / イタリア,,
B3,24,,ポリュフェモスとガラテイア,サケルドス・アマンドゥスの家,ポンペイ / イタリア,,
B3,25,,ペルセウスとアンドロメダ,サケルドス・アマンドゥスの家,ポンペイ / イタリア,,
B3,26,,アレクサンダー・モザイク,ナポリ国立考古学博物館,ナポリ / イタリア,,A
B3,27,,オデュッセイア風景画,ヴァティカン美術館,ヴァティカン,,
B3,28,,「単彩の部屋」の壁面装飾,リウィアの家（パラティーノ丘）,ローマ / イタリア,,
B3,29,,海浜別荘の風景,ナポリ国立考古学博物館,ナポリ / イタリア,,
B3,30,,春のフレスコ,アテネ国立考古学博物館,アテネ / ギリシア,,
B3,31,,パリの女,イラクリオン考古学博物館,イラクリオン / ギリシア,,
B3,32,,ディピュロンのアンフォラ,アテネ国立考古学博物館,アテネ / ギリシア,,
B3,33,アナラトスの画家,プロト・アッティカ式ルトロフォロス,ルーヴル美術館,パリ / フランス,,
B3,34,ポリュフェモスの画家,ポリュフェモスの目を突き刺すオデュッセウス （エレウシスのアンフォラ）,エレウシス考古学博物館,エレウシス / ギリシア,,
B3,35,ゴルゴンの画家,ペルセウスとゴルゴン,ルーヴル美術館,パリ / フランス,,
B3,36,,船出する櫂船に乗り込む男女,大英博物館,ロンドン / イギリス,,
B3,37,,婚礼の行列,ヴァティカン美術館,ヴァティカン,,
B3,38,キージの画家,キージの壺,ヴィラ・ジュリア国立博物館,ローマ / イタリア,,
B3,39,アルケシラスの画家,アルケシラス王,パリ国立図書館,パリ / フランス,,
B3,40,エクセキアス,将棋を指すアキレウスとアイアス,ヴァティカン美術館,ヴァティカン,,
B3,41,,奉納式,アテネ国立考古学博物館,アテネ / ギリシア,,
B3,42,アルゴスの画家,ヘラクレスとフォロス,ヴィラ・ジュリア国立博物館,ローマ / イタリア,,
B3,43,プロノモスの画家,神々と巨人族の戦い,アテネ国立考古学博物館,アテネ / ギリシア,,
B3,44,リュアンドロスの画家,座るアフロディテ,フィレンツェ国立考古学博物館,フィレンツェ / イタリア,,
B3,45,ニオビダイの画家,ニオベの子どもたちの虐殺,ルーヴル美術館,パリ / フランス,,
B3,46,,ペルセウスとアンドロメダ,ナポリ国立考古学博物館,ナポリ / イタリア,,
B3,47,,宴会の場面,,,,
B3,48,,第二様式装飾壁画,秘儀荘（クビクルム16、南壁）,ポンペイ / イタリア,,
B3,49,,第二様式装飾壁画,秘儀荘（クビクルム16、北壁）,ポンペイ / イタリア,,
B3,50,,サテュロス,秘儀荘,ポンペイ / イタリア,,
B3,51,,牧歌的神域風景画,ナポリ国立考古学博物館,ナポリ / イタリア,,
B3,52,,イカロスの墜落,果樹園の家,ポンペイ / イタリア,,
B3,53,,ヘラクレスとオンファレ,ナポリ国立考古学博物館,ナポリ / イタリア,,
B3,54,,エウロペの掠奪,ナポリ国立考古学博物館,ナポリ / イタリア,,
B3,55,,第四様式装飾壁画,ナポリ国立考古学博物館,ナポリ / イタリア,,
B3,56,,舞台背景画,ナポリ国立考古学博物館,ナポリ / イタリア,,
B3,57,,ディアナ,ヴィア・リヴェンツァ地下墓,ローマ / イタリア,,
B3,58,,若い女性の肖像,ナポリ国立考古学博物館,ナポリ / イタリア,,
B3,59,,宴会の場面,ナポリ国立考古学博物館,ナポリ / イタリア,,
B3,60,,鶏と果実,クリプトポルティコの家,ポンペイ / イタリア,,
B3,61,,パン屋の夫妻,ナポリ国立考古学博物館,ナポリ / イタリア,,
B3,62,,婦人の肖像,ルーヴル美術館,パリ / フランス,,
B3,63,,静物,ナポリ国立考古学博物館,ナポリ / イタリア,,
B3,64,ボレアスの画家,ヘレネを追いかけるテセウス,フェッラーラ国立考古学博物館,フェッラーラ / イタリア,,
B3,65,,ナイル川の風景,ナポリ国立考古学博物館,ナポリ / イタリア,,
B3,66,,庭園図,果樹園の家,ポンペイ / イタリア,,
B3,67,,ナイル・モザイク,パレストリーナ国立考古学博物館,パレストリーナ / イタリア,,
B3,68,,牡牛をほふるミトラス神,ミトラス教礼拝堂,サンタ・マリーア・カプア・ヴェテレ / イタリア,,
B3,69,,第二様式装飾壁画,パラティーノ陳列館,ローマ / イタリア,,
B3,72,ディノスの画家,ディオニュソス、マイナスとサテュロス,ベルリン国立古代博物館,ベルリン / ドイツ,,
B3,73,Cの画家,アテナの誕生、戦車、パリスの審判,ルーヴル美術館,パリ / フランス,,
B3,74,,アポロンとダフネ,エフェボの家,ポンペイ / イタリア,,
B3,75,エクセキアス,海を渡るディオニュソス,ミュンヘン国立古代収集館,ミュンヘン / ドイツ,,
B3,76,クレイティアス,フランソワの壺,フィレンツェ国立考古学博物館,フィレンツェ / イタリア,,
B3,77,フィアレの画家,幼児ディオニュソスを抱くヘルメス,ヴァティカン美術館,ヴァティカン,,
B3,78,アルタムラの画家,ディオニュソスの誕生,フェッラーラ国立考古学博物館,フェッラーラ / イタリア,,
B3,79,,ペンテウスの虐殺,ヴェッティの家,ポンペイ / イタリア,,
B3,80,,マルスとヴィーナス,M・ルクレティウス・フロントの家,ポンペイ / イタリア,,
B3,81,ピストクセノスの画家,ガチョウに乗るアフロディテ,大英博物館,ロンドン / イギリス,,
B3,82,フィレンツェの画家,ケンタウロスと戦うテセウス,フィレンツェ国立考古学博物館,フィレンツェ / イタリア,,
B3,83,ドゥーリス,龍の口から吹き出されるイアソン,ヴァティカン美術館,ヴァティカン,,
B3,84,,第三様式装飾壁画,M・ルクレティウス・フロントの家,ポンペイ / イタリア,,
B3,85,,解放者テセウス,ナポリ国立考古学博物館,ナポリ / イタリア,,
B3,86,,解放者テセウス,ナポリ国立考古学博物館,ナポリ / イタリア,,
B3,87,,アリアドネを発見するディオニュソス,ナポリ国立考古学博物館,ナポリ / イタリア,,
B3,88,,パリスの審判,ルーヴル美術館,パリ / フランス,,
B3,89,,リュコメデス王の宮廷でのアキレウスの発見,ナポリ国立考古学博物館,ナポリ / イタリア,,
B3,90,,ヘファイストスの工房を訪れたテティス,ナポリ国立考古学博物館,ナポリ / イタリア,,
B3,91,,アキレウスとトロイロス,牡牛の墓,タルクィニア / イタリア,,
B3,92,ペンテシレイアの画家,アキレウスとペンテシレイア,ミュンヘン国立古代収集館,ミュンヘン / ドイツ,,
B3,93,ミカーリの画家（工房）,アキレウスとトロイロス,ヴィラ・ジュリア国立博物館,ローマ / イタリア,,
B3,94,,トロイアの木馬,メナンドロスの家,ポンペイ / イタリア,,
B3,95,,アエネアスとイアピュクス,ナポリ国立考古学博物館,ナポリ / イタリア,,
B3,96,,カッサンドラとアイアス,メナンドロスの家,ポンペイ / イタリア,,
B3,97,ヘクトルの画家,出陣のヘクトル,ヴァティカン美術館,ヴァティカン,,
B3,98,レアグロス・グループ,ヘラクレスとケルベロス,ヴァティカン美術館,ヴァティカン,,
B3,99,,アキレウスとブリセイス,ナポリ国立考古学博物館,ナポリ / イタリア,,
B3,100,,蛇を絞め殺す幼児ヘラクレス,ヴェッティの家,ポンペイ / イタリア,,
B3,101,,アキレウスとケイロン,ナポリ国立考古学博物館,ナポリ / イタリア,,
B3,102,,ペルセウスとアンドロメダ,ナポリ国立考古学博物館,ナポリ / イタリア,,
B3,103,,アルテミスの水浴を覗くアクタイオン,果樹園の家,ポンペイ / イタリア,,
B3,104,,ヘラクレスとテレフォス,ナポリ国立考古学博物館,ナポリ / イタリア,,
B3,105,,メデイアと子ども,ナポリ国立考古学博物館,ナポリ / イタリア,,
B3,106,,メデイア,ナポリ国立考古学博物館,ナポリ / イタリア,,
B3,107,,イフィゲネイアの犠牲,ナポリ国立考古学博物館,ナポリ / イタリア,,
B3,108,イエナの画家,トリプトレモス,ヴァティカン美術館,ヴァティカン,,
B3,109,,ヘレネの返還を求める使者,ヴァティカン美術館,ヴァティカン,,
B3,110,,ケンタウロスと猛獣,ベルリン国立古代博物館,ベルリン / ドイツ,,
B3,128,,ポンペイ人とヌケリア人の戦い,ナポリ国立考古学博物館,ナポリ / イタリア,,
B3,129,ヘラクレイトス,ローマン・モザイク,ヴァティカン美術館,ヴァティカン,,
B3,130,,狩りと漁りの墓,狩りと漁りの墓,タルクィニア / イタリア,,
B3,131,,働くキューピッド,ヴェッティの家,ポンペイ / イタリア,,
B3,132,,アルドブランディーニの婚礼,ヴァティカン美術館,ヴァティカン,,
B3,133,,ララリウムの壁画,カウポーナ1,ポンペイ / イタリア,,
B3,134,,剣闘士の戦い,パエストゥム国立考古学博物館,パエストゥム / イタリア,,
B3,135,,飛び込む男,パエストゥム国立考古学博物館,パエストゥム / イタリア,,
B3,136,,,パエストゥム国立考古学博物館,パエストゥム / イタリア,,
B3,139,ジョット,スクロヴェーニ礼拝堂壁画,スクロヴェーニ礼拝堂,パドヴァ / イタリア,,A
B3,140,,善き羊飼い、オランス、ヨナの物語,サンティ・ピエトロ・工・マルチェッリーノのカタコンベ,ローマ / イタリア,,
B3,141,,ウェラティオの墓室壁画,プリシッラのカタコンベ,ローマ / イタリア,,
B3,142,,紅海を渡るモーセ,サンタ・マリーア・マッジョーレ聖堂,ローマ / イタリア,,
B3,143,,虎狩り,大宮殿モザイク博物館,イスタンブール / トルコ,,
B3,144,,ラクダに乗る子どもたち,大宮殿モザイク博物館,イスタンブール / トルコ,,
B3,145,,ヨナの物語,アクィレイア大聖堂,アクィレイア / イタリア,,
B3,146,,皇帝ユスティニアヌスと随臣たち,サン・ヴィターレ聖堂,ラヴェンナ / イタリア,,
B3,147,,皇妃テオドラと侍女たち,サン・ヴィターレ聖堂,ラヴェンナ / イタリア,,
B3,148,,,サンタポッリナーレ・ヌオーヴォ聖堂,ラヴェンナ / イタリア,,
B3,149,,聖ディミトリオスと並ぶ司教と行政官,アギオス・ディミトリオス聖堂,テサロニキ / ギリシア,,
B3,150,,善き羊飼い,,,,
B3,151,,マスクと動物のある唐草縁飾り,大宮殿モザイク博物館,イスタンブール / トルコ,,
B3,152,,聖テオドール（ パンジャルルク・キリセ）聖堂壁画,聖テオドール聖堂（ パンジャルルク・キリセ） ユルギュップ近郊､カッパドキア(トルコ),,,
B3,184,,聖ステパノの殉教,サン=ジェルマン修道院聖堂,オーセール / フランス,,
B3,185,,ラザロの蘇生,ザンクト・ゲオルク聖堂,ライヒェナウ島オーバーツェル / ドイツ,,
B3,186,,キリストの磔刑,サンタ・マリーア・アンティークァ聖堂 テオドトゥス礼拝堂,ローマ / イタリア,,
B3,187,,ベツレヘムヘの旅,サンタ・マリーア・フォリス・ポルタス聖堂,カステルセプリオ / イタリア,,
B3,188,,龍を退治する大天使ミカエル,サン・ピエトロ・アル・モンテ聖堂,チヴァーテ / イタリア,,
B3,189,,キリストの受難,サンタンジェロ・イン・フォルミス聖堂,カプア / イタリア,,
B3,190,,預言者エレミヤ,サン・ヴィンチェンツォ聖堂,ガッリアーノ / イタリア,,
B3,191,,福音書記者聖ヨハネの殉教と聖マグヌスの奇跡,アナーニ大聖堂,アナーニ / イタリア,,
B3,192,,アゾフ海の子どもの保護,サン・クレメンテ聖堂,ローマ / イタリア,,
B3,193,,十字架降下,アクィレイア大聖堂,アクィレイア / イタリア,,
B3,203,,聖ラウレンティウスの殉教,修道士の館の礼拝堂,ベルゼ・ラ・ヴィル / フランス,,
B3,204,,騎士,サン=ジャン洗礼堂,ポワティエ / フランス,,
B3,205,,十字架降下,サン=サヴァン聖堂,サン=サヴァン=シュル=ガルタンプ / フランス,,
B3,206,,再臨のキリスト,サン=サヴァン聖堂,サン=サヴァン=シュル=ガルタンプ / フランス,,
B3,194,,栄光のキリスト（部分）,カタルーニャ美術館、バルセロナ、スペイン（サン・クリメン聖 堂,タウイ / スペイン旧蔵）,,
B3,195,,聖母子,カタルーニャ美術館、バルセロナ,スペイン（サン・ペドロ・デ・ ソルペ聖堂 / スペイン旧蔵）,,
B3,196,,受胎告知,カタルーニャ美術館、バルセロナ,スペイン（サン・ペドロ・デ・ ソルペ聖堂 / スペイン旧蔵）,,
B3,197,,聖グレゴリウス・マグヌスと聖ベネディクトゥス,ハイリゲン・マリア・アム・ノンベルク女子修道院聖堂,ザルツブルク / オーストリア,,
B3,198,,悪魔憑きの男の治癒,ランバッハ修道院聖堂,ランバッハ / オーストリア,,
B3,199,,アダムの創造と原罪,プラド美術館、マドリード、スペイン（ラ・ベラ・クルス隠修堂,マデルエロ / スペイン旧蔵）,,
B3,200,,アダムとエヴァ,セント・ボトルフ聖堂,ハーダム / イギリス,,
B3,201,,十字架降下とキリストの埋葬,ウィンチェスター大聖堂 聖墳墓礼拝堂,ウィンチェスター / イギリス,,
B3,202,,毒蛇を火に入れる聖パウロ,カンタベリー大聖堂 セント・アンセルム礼拝堂,カンタベリー / イギリス,,
B3,207,,大天使ガブリエル,クルチュラール・キリッセ聖堂（ゲレメ29番）,カッパドキア / トルコ,,
B3,208,,キリストの受難と復活,トカル・キリッセ旧聖堂（ゲレメ7番）,カッパドキア / トルコ,,
B3,209,,冥府への降下（アナスタシス）,オシオス・ルカス修道院 主聖堂,フォキス / ギリシア,,
B3,210,,キリストの洗礼,トカル・キリッセ新聖堂（ゲレメ7番）,カッパドキア / トルコ,,
B3,211,,キリストの埋葬と復活,「大鳩小屋」の聖堂（ニキフォロス・フォカス聖堂）,カッパドキア / トルコ,,
B3,212,,,カランルック・キリッセ聖堂（ゲレメ23番）,カッパドキア / トルコ,,
B3,213,,キリストの逮捕,ダフニ修道院聖堂,アテネ / ギリシア,,
B3,214,,キリストのエルサレム入城,パラティーナ礼拝堂,パレルモ / イタリア,,
B3,215,,キリストと皇帝コンスタンティヌス9世モノマコスと皇妃ゾイ,ハギア・ソフィア大聖堂,イスタンブール / トルコ,,
B3,216,,聖母子と皇帝ヨアンネス2世コムネノスと皇妃イ リニ、その息子アレクシオス・コムネノス,ハギア・ソフィア大聖堂,イスタンブール / トルコ,,
B3,217,,キリスト（デイシス）,ハギア・ソフィア大聖堂,イスタンブール / トルコ,,
B3,218,,キリストの埋葬（聖母の哀悼）,アギイ・アナルギリ聖堂,カストリア / ギリシア,,
B3,219,,十字架降下,スヴェティ・パンテレイモン修道院 主聖堂,ネレズィ / 北マケドニア共和国,,
B3,220,,冥府への降下（アナスタシス）,スヴェティ・ジョルジェ聖堂,クルビノーヴォ / 北マケドニア共和国,,
B3,221,,キリストの降誕,カリエ・ジャミイ（旧コーラ修道院）,イスタンブール / トルコ,,
B3,222,,キリストの降誕と洗礼,パナギア・ペリブレプトス聖堂,ミストラ / ギリシア,,
B3,223,,マヌエル・ラスカリス・ハツィケスの肖像,パナギア・パンタナッサ修道院聖堂,ミストラ / ギリシア,,
B3,224,,ベツレヘムヘの旅,パナギア・パンタナッサ修道院聖堂,ミストラ / ギリシア,,
B3,153,,聖ゲオルギオスと聖テオドロスを伴う玉座の聖母子,アギア・エカテリーニ修道院,シナイ山 / エジプト,,
B3,154,,聖ペテロ,アギア・エカテリーニ修道院,シナイ山 / エジプト,,
B3,155,,キリスト,アギア・エカテリーニ修道院,シナイ山 / エジプト,,
B3,156,,キリストと聖メナス,ルーヴル美術館,パリ / フランス,,
B3,157,,デイシスとキリストの生涯,アギア・エカテリーニ修道院,シナイ山 / エジプト,,
B3,158,,キリストの受難と復活,アギア・エカテリーニ修道院,シナイ山 / エジプト,,
B3,159,,聖ニコラオスとその生涯,アギア・エカテリーニ修道院,シナイ山 / エジプト,,
B3,160,,パントクラトールのキリスト,バルジェッロ国立美術館,フィレンツェ / イタリア,,
B3,161,,大天使ミカエル,ビザンティン美術館,アテネ / ギリシア,,
B3,163,,聖母子,ビザンティン美術館,アテネ / ギリシア,,
B3,164,,キリストの変容,ルーヴル美術館,パリ / フランス,,
B3,165,,ヤロスラヴリの聖母,トレチャコフ美術館,モスクワ / ロシア,,
B3,166,,冥府への降下（アナスタシス）,エルミタージュ美術館,サンクト・ペテルブルグ / ロシア,,
B3,167,,ラザロの蘇生,ロシア美術館,サンクト・ペテルブルグ / ロシア,,
B3,168,,,ベナキ美術館,アテネ / ギリシア,,
B3,169,フェオファン・グレーク（テオファネス）,キリストの変容,トレチャコフ美術館,モスクワ / ロシア,,
B3,170,エル・グレコ,東方三博士の礼拝,ベナキ美術館,アテネ / ギリシア,,
B3,171,,キリストと十二使徒の祭壇前飾り,カタルーニャ美術館,バルセロナ / スペイン,,
B3,172,,聖キリクスと聖女ユリッタの祭壇前飾り（ドゥーロの祭壇前飾り）,カタルーニャ美術館,バルセロナ / スペイン,,
B3,173,,ジョフリー・プランタジネットの埋葬用肖像画,テッセ美術館,ル・マン / フランス,,
B3,174,,マドンナ・デッラ・クレメンツァ,サンタ・マリーア・イン・トラステーヴェレ聖堂,ローマ / イタリア,,
B3,175,コッポ・ディ・マルコヴァルド,玉座の聖母子,サンタ・マリーア・デイ・セルヴィ聖堂,オルヴィエート / イタリア,,
B3,176,,丸い玉座の聖母子,ナショナル・ギャラリー,ワシントン / アメリカ,,
B3,177,聖フランチェスコの画家,聖フランチェスコと二天使,サンタ・マリーア・デッリ・アンジェリ聖堂,アッシジ / イタリア,,
B3,178,,聖フランチェスコと四つの死後の奇跡,サン・フランチェスコ聖堂 宝物館,アッシジ / イタリア,,
B3,179,ボナヴェントゥーラ・ベルリンギエーリ,聖フランチェスコとその生涯（ペッシャ祭壇画）,サン・フランチェスコ聖堂,ペッシャ / イタリア,,
B3,180,サン・フランチェスコ・バルディの画家,聖フランチェスコとその生涯,サンタ・クローチェ聖堂 バルディ礼拝堂,フィレンツェ / イタリア,,
B3,181,ローマ派,祝福を与える玉座のキリスト、聖母、福音書記者聖ヨハネ,ティヴォリ大聖堂,ティヴォリ / イタリア,,
B3,182,,十二大祭図（ドデカオルトン）,フィレンツェ大聖堂美術館,フィレンツェ / イタリア,,
B3,183,グィード・ダ・シエナ,玉座の聖母子,パラッツォ・プッブリコ（サン・ドメニコ聖堂旧蔵）,シエナ / イタリア,,
B3,225,聖フランチェスコの画家,小鳥への説教,サン・フランチェスコ聖堂 下堂,アッシジ / イタリア,,
B3,226,聖フランチェスコの画家,十字架上のキリスト,ウンブリア国立美術館,ペルージャ / イタリア,,
B3,227,ジョット,小鳥への説教,サン・フランチェスコ聖堂 上堂,アッシジ / イタリア,,
B3,228,ジョット,父イサクの祝福を求めるエサウ,サン・フランチェスコ聖堂 上堂,アッシジ / イタリア,,
B3,229,,十字架上のキリスト,ピサ国立美術館,ピサ / イタリア,,
B3,230,ドゥッチョ,マエスタ（荘厳の聖母）,シエナ大聖堂美術館,シエナ / イタリア,,
B3,231,,十字架上のキリスト,ピサ国立美術館,ピサ / イタリア,,
B3,232,,「わが唯一の望みの」（「一角獣を従えた貴婦人」より）,クリュニー美術館（国立中世美術館）,パリ / フランス,,
B3,233,,貴婦人と龍,アンジェ城タピスリー美術館,アンジェ / フランス,,
B3,234,,龍を退治する大天使ミカエル,アンジェ城タピスリー美術館,アンジェ / フランス,,
B3,235,ジュンタ・ピサーノ,十字架上のキリスト,サンタ・マリーア・デッリ・アンジェリ聖堂美術館,アッシジ / イタリア,,
B3,236,聖フランチェスコの画家,十字架降下と聖母の哀悼,ウンブリア国立美術館,ペルージャ / イタリア,,
B3,237,ファエンツァの画家,キリストの降誕、十字架降下とキリストの埋葬,ボローニャ国立絵画館,ボローニャ / イタリア,,
B3,238,サン・マルティーノの画家,玉座の聖母子、ヨアキムとアンナの物語,ピサ国立美術館,ピサ / イタリア,,
B3,239,,ナルボンヌの祭壇飾り布,ルーヴル美術館,パリ / フランス,,
B3,240,アンゲラン・カルトン,アヴィニョンのピエタ,ルーヴル美術館,パリ / フランス,,
B3,241,アンドレイ・ルブリョーフ,聖三位一体,トレチャコフ美術館,モスクワ / ロシア,,B
B3,242,,聖母子,カリエ・ジャミイ（旧コーラ修道院）,イスタンブール / トルコ,,
B3,244,ピエロ・デッラ・フランチェスカ,受胎告知,サン・フランチェスコ聖堂,アレッツォ / イタリア,,
B3,245,ジョヴァンニ・ベッリーニ,受胎告知,アカデミア美術館,ヴェネツィア / イタリア,,
B3,246,カルロ・クリヴェッリ,受胎告知,ナショナル・ギャラリー,ロンドン / イギリス,,
B3,247,フラ・アンジェリコ,受胎告知,サン・マルコ美術館,フィレンツェ / イタリア,,
B3,248,サンドロ・ボッティチェッリ,受胎告知,ウフィツィ美術館,フィレンツェ / イタリア,,
B3,249,フラ・フィリッポ・リッピ,受胎告知,サン・ロレンツォ聖堂 マルテッリ礼拝堂,フィレンツェ / イタリア,,
B3,250,ロヒール・ファン・デル・ウェイデン,受胎告知,ルーヴル美術館,パリ / フランス,,
B3,251,アントネッロ・ダ・メッシーナ,受胎告知のマリア,シチリア州立美術館,パレルモ / イタリア,,
B3,252,レオナルド・ダ・ヴィンチ,受胎告知,ウフィツィ美術館,フィレンツェ / イタリア,,A
B3,253,アンドレーア・デル・サルト,受胎告知,ピッティ美術館,フィレンツェ / イタリア,,
B3,254,フェデリーゴ・バロッチ,受胎告知,ヴァティカン美術館,ヴァティカン,,
B3,255,ロレンツォ・ロット,受胎告知,レカナーティ市立絵画館,レカナーティ / イタリア,,
B3,256,ティントレット,受胎告知,スクオーラ・グランデ・ディ・サン・ロッコ,ヴェネツィア / イタリア,,
B3,243,シモーネ・マルティーニ,受胎告知と二聖人,ウフィツィ美術館,フィレンツェ / イタリア,,
B3,259,ドゥッチョ,荘厳の聖母（ルチェッライの聖母）,ウフィツィ美術館,フィレンツェ / イタリア,,
B2,269,ラファエッロ,小椅子の聖母,ピッティ美術館,フィレンツェ / イタリア,,B
B2,292,サンドロ・ボッティチェッリ,ヴィーナスの誕生,ウフィツィ美術館,フィレンツェ / イタリア,,S
B2,293,サンドロ・ボッティチェッリ,春（ラ・プリマヴェーラ）,ウフィツィ美術館,フィレンツェ / イタリア,,S
B2,294,アンドレーア・マンテーニャ,パルナッソス,ルーヴル美術館,パリ / フランス,,
B2,295,ジョルジョーネとティツィアーノ,田園の奏楽,ルーヴル美術館,パリ / フランス,,
B2,257,ラファエッロ,アテネの学堂,ヴァティカン宮殿 署名の間,ヴァティカン,,S
B2,258,ラファエッロ,聖体の論議,ヴァティカン宮殿 署名の間,ヴァティカン,,
B2,260,チマブーエ,荘厳の聖母（サンタ・トリニタの聖母）,ウフィツィ美術館,フィレンツェ / イタリア,,
B2,261,ジョット,荘厳の聖母（オンニサンティの聖母）,ウフィツィ美術館,フィレンツェ / イタリア,,
B2,262,マゾリーノとマザッチョ,聖アンナと聖母子,ウフィツィ美術館,フィレンツェ / イタリア,,
B2,263,ピエロ・デッラ・フランチェスカ,ブレラ祭壇画,ブレラ絵画館,ミラノ / イタリア,,
B2,264,フラ・フィリッポ・リッピ,聖母子と二天使,ウフィツィ美術館,フィレンツェ / イタリア,,
B2,265,ジョヴァンニ・ベッリーニ,聖母子と聖女カタリナとマグダラのマリア（聖会話）,アカデミア美術館,ヴェネツィア / イタリア,,
B2,266,ラファエッロ,大公の聖母,ピッティ美術館,フィレンツェ / イタリア,,B
B2,267,セバスティアーノ・デル・ピオンボ,ピエタ,ヴィテルボ市立美術館,ヴィテルボ / イタリア,,
B2,268,パルミジャニーノ,長い首の聖母,ウフィツィ美術館,フィレンツェ / イタリア,,B
B2,270,ラファエッロ,美しき女庭師,ルーヴル美術館,パリ / フランス,,
B2,271,ラファエッロ,フォリーニョの聖母,ヴァティカン美術館,ヴァティカン,,
B2,272,ラファエッロ,聖母戴冠（オッディの祭壇画）,ヴァティカン美術館,ヴァティカン,,
B2,273,ミケランジェロ,聖家族（ドーニ家の聖家族）,ウフィツィ美術館,フィレンツェ / イタリア,,A
B2,274,ルーカ・シニョレッリ,聖家族,ウフィツィ美術館,フィレンツェ / イタリア,,
B2,275,ヒューホ・ファン・デル・フース,羊飼いの礼拝（ポルティナーリ祭壇画）,ウフィツィ美術館,フィレンツェ / イタリア,,
B2,276,ロッソ・フィオレンティーノ,十字架降下,ヴォルテッラ市立絵画館,ヴォルテッラ / イタリア,,
B2,277,ヤーコポ・ダ・ポントルモ,十字架降下,サンタ・フェリチタ聖堂 カッポーニ礼拝堂,フィレンツェ / イタリア,,
B2,278,ティントレット,十字架を担うキリスト,スクオーラ・グランデ・ディ・サン・ロッコ,ヴェネツィア / イタリア,,
B2,279,パオロ・ヴェロネーゼ,キリストの磔刑,ルーヴル美術館,パリ / フランス,,
B2,280,アンドレーア・マンテーニャ,キリストの磔刑（「サン・ゼーノ祭壇画」の裾絵）,ルーヴル美術館,パリ / フランス,,
B2,281,アンドレーア・マンテーニャ,キリストの昇天,ウフィツィ美術館,フィレンツェ / イタリア,,
B2,282,フラ・バルトロメーオ,ピエタ,ピッティ美術館,フィレンツェ / イタリア,,
B2,283,セバスティアーノ・デル・ピオンボ,ピエタ,プラド美術館（寄託）,マドリード / スペイン,,
B2,284,ヒエロニムス・ボス,十字架を担うキリスト,ヘント美術館,ヘント / ベルギー,,
B2,285,ヒエロニムス・ボス,荊冠のキリスト,ナショナル・ギャラリー,ロンドン / イギリス,,
B2,286,カルロ・クリヴェッリ,ピエタ,ヴァティカン美術館,ヴァティカン,,
B2,287,ジェンティーレ・ダ・ファブリアーノ,東方三博士の礼拝,ウフィツィ美術館,フィレンツェ / イタリア,,
B2,288,フラ・バルトロメーオ,救世主キリスト（サルヴァトール・ムンディ）,ピッティ美術館,フィレンツェ / イタリア,,
B2,289,ラファエッロ,キリストの変容,ヴァティカン美術館,ヴァティカン,,A
B2,290,イル・ペルジーノ（ピエトロ・ヴァンヌッチ）,キリストの復活,ヴァティカン美術館,ヴァティカン,,
B2,291,ティツィアーノ,聖母被昇天,サンタ・マリーア・グロリオーザ・デイ・フラーリ聖堂,ヴェネツィア / イタリア,,
B2,296,ティツィアーノ,ウルビーノのヴィーナス,ウフィツィ美術館,フィレンツェ / イタリア,,A
B2,297,ジョルジョーネとティツィアーノ,眠れるヴィーナス,ドレスデン古典絵画館,ドレスデン / ドイツ,,
B2,298,ヨーゼフ・ハインツ,眠れるヴィーナス,ウィーン美術史美術館,ウィーン / オーストリア,,
B2,299,ティツィアーノ,天上の愛と地上の愛（聖愛と俗愛）,ボルゲーゼ美術館,ローマ / イタリア,,
B2,300,ティツィアーノ,アンドロス島のバッカス祭,プラド美術館,マドリード / スペイン,,
B2,301,ジョルジョーネ,嵐（ラ・テンペスタ）,アカデミア美術館,ヴェネツィア / イタリア,,A
B2,302,ソドマ派,レダ（レオナルド・ダ・ヴィンチの原作の模写）,ボルゲーゼ美術館,ローマ / イタリア,,
B2,303,ルーカス・クラナッハ,ヴィーナスに訴えるキューピッド,ナショナル・ギャラリー,ロンドン / イギリス,,
B2,304,ヤン・ホッサールト,ダナエ,アルテ・ピナコテーク,ミュンヘン / ドイツ,,
B2,305,コレッジョ,ユピテルとイオ,ウィーン美術史美術館,ウィーン / オーストリア,,
B2,306,アーニョロ・ブロンズィーノ,愛と時間の寓意,ナショナル・ギャラリー,ロンドン / イギリス,,
B2,307,コレッジョ,ヴィーナス、キューピッドとサテュロス,ルーヴル美術館,パリ / フランス,,
B2,308,パオロ・ヴェロネーゼ,ヴィーナスとマルス,メトロポリタン美術館,ニューヨーク / アメリカ,,
B2,309,フォンテーヌブロー派,化粧する貴婦人,ディジョン美術館,ディジョン / フランス,,
B2,310,アンドレーア・マンテーニャ,聖セバスティアヌス,ルーヴル美術館,パリ / フランス,,
B2,311,サンドロ・ボッティチェッリ,書斎の聖アウグスティヌス,オンニサンティ聖堂,フィレンツェ / イタリア,,
B2,312,ドメニコ・ギルランダイオ,書斎の聖ヒエロニムス,オンニサンティ聖堂,フィレンツェ / イタリア,,
B2,313,ピエロ・デッラ・フランチェスカ,ソロモンとシバの女王,サン・フランチェスコ聖堂,アレッツォ / イタリア,,
B2,314,アルブレヒト・デューラー,四使徒,アルテ・ピナコテーク,ミュンヘン / ドイツ,,B
B2,315,マザッチョ,貢の銭,サンタ・マリーア・デル・カルミネ聖堂 ブランカッチ礼拝堂,フィレンツェ / イタリア,,
B2,316,ピーテル・ブリューゲル（父）,子どもの遊び,ウィーン美術史美術館,ウィーン / オーストリア,,B
B2,317,ピーテル・ブリューゲル（父）,バベルの塔,ウィーン美術史美術館,ウィーン / オーストリア,,A
B2,318,ピーテル・ブリューゲル（父）,雪中の狩人,ウィーン美術史美術館,ウィーン / オーストリア,,A
B2,319,ピーテル・ブリューゲル（父）,ネーデルラントのことわざ,ベルリン国立美術館,ベルリン / ドイツ,,A
B2,320,ヴィットーレ・カルパッチョ,聖女ウルスラの船出,アカデミア美術館,ヴェネツィア / イタリア,,
B2,321,アンドレーア・デル・カスターニョ,ダンテ・アリギエーリ、フィリッポ・スコラーリ、 クマエの巫女（「著名人連作」より）,ウフィツィ美術館,フィレンツェ / イタリア,,
B2,322,ジェンティーレ・ベッリーニ,サン・マルコ広場の聖十字架遺物の行列,アカデミア美術館,ヴェネツィア / イタリア,,
B2,323,アンブロージョ・ロレンツェッティ,善政の寓意,パラッツォ・プッブリコ,シエナ / イタリア,,
B2,324,パオロ・ウッチェッロ,サン・ロマーノの戦い,ルーヴル美術館,パリ / フランス,,
B2,349,アルブレヒト・デューラー レオナルド・ダ・ヴィンチ レオナルド・ダ・ヴィンチ,三位一体の礼拝,ウィーン美術史美術館、ウィーン、オーストリア サンタ・マリア・デッレ・グラーツィエ修道院 食堂、ミラノ、イタリア サンタ・マリア・デッレ・グラーツィエ修道院 食堂,ミラノ / イタリア,,
B2,347,アンブロージョ・ディ・プレディスと レオナルド・ダ・ヴィンチ,岩窟の聖母,ナショナル・ギャラリー,ロンドン / イギリス,,
B2,348,レオナルド・ダ・ヴィンチ,岩窟の聖母,ルーヴル美術館,パリ / フランス,,
B2,325,ドメニコ・ギルランダイオ,ジョヴァンナ・トルナブオーニの肖像,ティッセン=ボルネミッサ美術館,マドリード / スペイン,,
B2,326,ドメニコ・ギルランダイオ,老人とその孫,ルーヴル美術館,パリ / フランス,,
B2,327,ピエロ・デッラ・フランチェスカ,ウルビーノ公の肖像/ウルビーノ公妃の肖像,ウフィツィ美術館,フィレンツェ / イタリア,,
B2,328,ジョヴァンニ・ベッリーニ,総督レオナルド・ロレダンの肖像,ナショナル・ギャラリー,ロンドン / イギリス,,
B2,329,ハンス・ホルバイン（子）,大使たち,ナショナル・ギャラリー,ロンドン / イギリス,,A
B2,330,ヤン・ファン・エイク,アルノルフィーニ夫妻の肖像,ナショナル・ギャラリー,ロンドン / イギリス,,A
B2,331,ジャン・フーケ,シャルル7世の肖像,ルーヴル美術館,パリ / フランス,,
B2,332,ハンス・ホルバイン（子）,エラスムスの肖像,ルーヴル美術館,パリ / フランス,,
B2,333,ティツィアーノ,手袋の男,ルーヴル美術館,パリ / フランス,,
B2,334,アルブレヒト・デューラー,自画像,アルテ・ピナコテーク,ミュンヘン / ドイツ,,B
B2,335,ジョルジョーネ,老女,アカデミア美術館,ヴェネツィア / イタリア,,
B2,336,ラファエッロ,バルダッサーレ・カスティリオーネの肖像,ルーヴル美術館,パリ / フランス,,
B2,337,ラファエッロ,ヴェールの女,ピッティ美術館,フィレンツェ / イタリア,,
B2,338,パルミジャニーノ,凸面鏡の自画像,ウィーン美術史美術館,ウィーン / オーストリア,,
B2,339,アーニョロ・ブロンズィーノ,エレオノーラ・ディ・トレドと子息の肖像,ウフィツィ美術館,フィレンツェ / イタリア,,
B2,350,ハンス・メムリンク,聖母子と寄進者,メムリンク美術館,ブリュージュ / ベルギー,,
B2,351,シュテファン・ロッホナー,バラ園の聖母,ヴァルラフ=リヒャルツ美術館,ケルン / ドイツ,,
B2,352,口べ一ル・カンパン,授乳する聖母,ナショナル・ギャラリー,ロンドン / イギリス,,
B2,353,ルーカス・クラナッハ,回春の泉,ベルリン国立美術館,ベルリン / ドイツ,,
B2,354,ロヒール・ファン・デル・ウェイデン,聖母子を描く聖ルカ,ボストン美術館,ボストン / アメリカ,,
B2,355,ヒエロニムス・ボス,手品師,サン=ジェルマン=アン=レイ市立美術館,サン=ジェルマン=アン=レイ / フランス,,
B2,356,ペトルス・クリストゥス,若い婦人の肖像,ベルリン国立美術館,ベルリン / ドイツ,,
B2,357,ロヒール・ファン・デル・ウェイデン,婦人の肖像,ナショナル・ギャラリー,ワシントン / アメリカ,,
B2,358,クェンティン・マセイス,両替商とその妻,ルーヴル美術館,パリ / フランス,,
B2,359,ルーカス・ファン・レイデン,カード遊びをする人たち,ウィルトン・ハウス、ペンブローク伯爵コレクション,ソールズベリー / イギリス,,
B2,360,ハウスブーフの画家,二人の肖像,ゴータ城美術館,ゴータ / ドイツ,,
B2,361,ルーカス・クラナッハ,エジプト逃避途上の休息,ベルリン国立美術館,ベルリン / ドイツ,,
B2,362,シュテルツィング祭壇画の画家,若い恋人たち,クリーヴランド美術館,クリーヴランド / アメリカ,,
B2,363,アルブレヒト・アルトドルファー,アレクサンドロス大王の戦い,アルテ・ピナコテーク,ミュンヘン / ドイツ,,
B2,364,ヨアヒム・パティニール,冥界の渡し守カロンのいる風景,プラド美術館,マドリード / スペイン,,
B2,365,アルブレヒト・アルトドルファー,ドナウ河畔の風景,アルテ・ピナコテーク,ミュンヘン / ドイツ,,
B2,366,アントワーヌ・カロン,アモルの行進,ルーヴル美術館,パリ / フランス,,
B2,367,フローラの画家,キューピッドの誕生,メトロポリタン美術館,ニューヨーク / アメリカ,,
B2,368,フランソワ・クルーエ,浴槽のディアーヌ・ド・ポワティエ,ナショナル・ギャラリー,ワシントン / アメリカ,,
B2,369,ジャン・フーケ,聖母子,アントウェルペン王立美術館,アントウェルペン / ベルギー,,
B2,370,アルブレヒト・デューラー,アダムとエヴァ,プラド美術館,マドリード / スペイン,,
B2,371,ヒエロニムス・ボス,快楽の園,プラド美術館,マドリード / スペイン,,S
B2,372,フーベルトおよびヤン・ファン・エイク マティアス・グリューネヴァルト マティアス・グリューネヴァルト マティアス・グリューネヴァルト マティアス・グリューネヴァルト ニコラウス・ハーゲナウアー,ヘントの祭壇画 イーゼンハイムの祭壇画 イーゼンハイムの祭壇画 イーゼンハイムの祭壇画 イーゼンハイムの祭壇画 イーゼンハイムの祭壇彫刻,シント・バーフ大聖堂、ヘント、ベルギー ウンターリンデン美術館、コルマール、フランス ウンターリンデン美術館、コルマール、フランス ウンターリンデン美術館、コルマール、フランス ウンターリンデン美術館、コルマール、フランス ウンターリンデン美術館,コルマール / フランス,,A
B2,340,ヴェロッキオとレオナルド・ダ・ヴィンチ,キリストの洗礼,ウフィツィ美術館,フィレンツェ / イタリア,,
B2,342,レオナルド・ダ・ヴィンチ,聖アンナと聖母子,ナショナル・ギャラリー,ロンドン / イギリス,,
B2,343,レオナルド・ダ・ヴィンチ,聖アンナと聖母子,ルーヴル美術館,パリ / フランス,,
B2,344,レオナルド・ダ・ヴィンチ,モナ・リザ,ルーヴル美術館,パリ / フランス,,S
B2,345,レオナルド・ダ・ヴィンチ,洗礼者聖ヨハネ,ルーヴル美術館,パリ / フランス,,
B2,1087,レオナルド・ダ・ヴィンチ 2020年4月2１日〜,白貂を抱く貴婦人,チャルトリスキ美術館（クラクフ国立美術館分館）,ポーランド,,
B2,374,カラヴァッジョ,聖ペテロの磔刑,サンタ・マリーア・デル・ポポロ聖堂,ローマ / イタリア,,
B2,375,カラヴァッジョ,聖パウロの回心,サンタ・マリーア・デル・ポポロ聖堂,ローマ / イタリア,,
B2,376,カラヴァッジョ,聖マタイの召命,サン・ルイージ・デイ・フランチェージ聖堂,ローマ / イタリア,,A
B2,377,カラヴァッジョ,キリストの埋葬,ヴァティカン美術館,ヴァティカン,,
B2,378,カラヴァッジョ,聖母の死,ルーヴル美術館,パリ / フランス,,A
B2,379,ジョルジュ・ド・ラ・トゥール,悔悛するマグダラのマリア,ルーヴル美術館,パリ / フランス,,
B2,380,ジョルジュ・ド・ラ・トゥール,大工の聖ヨセフ,ルーヴル美術館,パリ / フランス,,
B2,381,フセペ・デ・リベーラ,聖アンデレ,プラド美術館,マドリード / スペイン,,
B2,382,ヘリット・ファン・ホントホルスト,遣り手婆,ユトレヒト中央美術館,ユトレヒト / オランダ,,
B2,383,ヴァランタン・ド・ブーローニュ,合奏,ルーヴル美術館,パリ / フランス,,
B2,384,フアン・デ・バルデス・レアール,世の栄光の終わり,サンタ・カリダード病院,セビーリャ / スペイン,,
B2,385,フランシスコ・デ・スルバラン,聖ペドロ・ノラスコの幻視,プラド美術館,マドリード / スペイン,,
B2,386,レンブラント・ファン・レイン,瞑想する学者,ルーヴル美術館,パリ / フランス,,
B2,387,レンブラント・ファン・レイン,トゥルプ博士の解剖学講義,マウリッツハイス美術館,ハーグ / オランダ,,A
B2,388,レンブラント・ファン・レイン,目をつぶされるサムソン,シュテーデル美術研究所,フランクフルト / ドイツ,,
B2,389,レンブラント・ファン・レイン,ダナエ,エルミタージュ美術館,サンクト・ペテルブルグ / ロシア,,
B2,390,レンブラント・ファン・レイン,夜警,アムステルダム国立美術館,アムステルダム / オランダ,,S
B2,391,レンブラント・ファン・レイン,ユダヤの花嫁,アムステルダム国立美術館,アムステルダム / オランダ,,
B2,392,レンブラント・ファン・レイン,トビアスとその家族と別れる天使,ルーヴル美術館,パリ / フランス,,
B2,393,レンブラント・ファン・レイン,放蕩息子の帰宅,エルミタージュ美術館,サンクト・ペテルブルグ / ロシア,,A
B2,394,レンブラント・ファン・レイン,聖ペテロの否認,アムステルダム国立美術館,アムステルダム / オランダ,,
B2,395,レンブラント・ファン・レイン,キリスト昇架,アルテ・ピナコテーク,ミュンヘン / ドイツ,,
B2,396,レンブラント工房,黄金の兜をかぶった男,ベルリン国立美術館,ベルリン / ドイツ,,
B2,397,カラヴァッジョ,果物籠,アンブロジアーナ絵画館,ミラノ / イタリア,,A
B2,398,フランシスコ・デ・スルバラン,静物（ボデゴン）,プラド美術館,マドリード / スペイン,,
B2,399,パオロ・ポルポラ,花,カポディモンテ国立美術館,ナポリ / イタリア,,
B2,400,フローリス・ファン・デイク,チーズのある静物,アムステルダム国立美術館,アムステルダム / オランダ,,
B2,401,ウィレム・へ一ダ,朝食のテーブル,ドレスデン古典絵画館,ドレスデン / ドイツ,,
B2,402,ウィレム・カルフ,オウム貝の杯のある静物,ティッセン=ボルネミッサ美術館,マドリード / スペイン,,
B2,403,フランス・スネイデルス,静物,ヴァルラフ=リヒャルツ美術館,ケルン / ドイツ,,
B2,404,フランシスコ・コリャンテス,エゼキエルの幻視,プラド美術館,マドリード / スペイン,,
B2,405,アンニーバレ・カラッチ,狩りの風景,ルーヴル美術館,パリ / フランス,,
B2,406,ピーテル・パウル・リュベンス,ステーンの城館のある風景,ナショナル・ギャラリー,ロンドン / イギリス,,
B2,407,ニコラ・プッサン,ディオゲネスのいる風景,ルーヴル美術館,パリ / フランス,,
B2,408,ディエーゴ・ベラスケス,ヴィッラ・メディチの庭：アリアドネの館,プラド美術館,マドリード / スペイン,,
B2,409,ディエーゴ・ベラスケス,ヴィッラ・メディチの庭：洞窟の入ロ,プラド美術館,マドリード / スペイン,,
B2,410,クロード・ロラン,タ日の港,ルーヴル美術館,パリ / フランス,,
B2,411,サルヴァトール・ローザ,戦闘場面,ルーヴル美術館,パリ / フランス,,
B2,412,レンブラント・ファン・レイン,嵐の風景,ヘルツォーク・アントン・ウルリヒ美術館,ブラウンシュヴァイク / ドイツ,,
B2,415,ヘリット・ベルクヘイデ,ハールレムの街路,ドレスデン古典絵画館,ドレスデン / ドイツ,,
B2,416,ピーテル・サーンレダム,アッセンデルフトのシント・オデュルフス聖堂内部,アムステルダム国立美術館,アムステルダム / オランダ,,
B2,417,ウィレム・ファン・デ・フェルデ,凪,アルテ・ピナコテーク,ミュンヘン / ドイツ,,
B2,418,ヤーコプ・ファン・ライスダール,ユダヤ人墓地,デトロイト美術研究所,デトロイト / アメリカ,,
B2,419,ヤーコプ・ファン・ライスダール,ウェイク・ベイ・デュールステーデの風車,アムステルダム国立美術館,アムステルダム / オランダ,,
B2,420,メインデルト・ホッベマ,ミッデルハルニスの並木道,ナショナル・ギャラリー,ロンドン / イギリス,,
B2,421,ディエーゴ・ベラスケス,フェリーぺ4世の肖像,プラド美術館,マドリード / スペイン,,
B2,422,ディエーゴ・ベラスケス,東方三博士の礼拝,プラド美術館,マドリード / スペイン,,
B2,423,ディエーゴ・ベラスケス,道化師パブロ・デ・バリャドリード,プラド美術館,マドリード / スペイン,,
B2,424,ディエーゴ・ベラスケス,バッカスの勝利（酔っ払いたち）,プラド美術館,マドリード / スペイン,,
B2,425,ディエーゴ・ベラスケス,アラクネの寓話（織女たち）,プラド美術館,マドリード / スペイン,,
B2,426,ディエーゴ・ベラスケス,ラス・メニーナス（女官たち）,プラド美術館,マドリード / スペイン,,S
B2,427,ディエーゴ・ベラスケス,皇太子バルタサール・カルロス騎馬像,プラド美術館,マドリード / スペイン,,
B2,428,ディエーゴ・ベラスケス,ブレダの開城,プラド美術館,マドリード / スペイン,,
B2,429,ディエーゴ・ベラスケス,ウルカヌスの鍛冶場,プラド美術館,マドリード / スペイン,,
B2,432,シャルル・ル・ブラン,大法官セギエの肖像,ルーヴル美術館,パリ / フランス,,
B2,433,ディエーゴ・ベラスケス,狩猟服姿の皇太子バルタサール・カルロス,プラド美術館,マドリード / スペイン,,
B2,434,イアサント・リゴー,ルイ14世の肖像,ルーヴル美術館,パリ / フランス,,
B2,435,フセペ・デ・リベーラ,髭のある女（マッダレーナ・ヴェントゥーラの肖像）,レルマ公爵財団,トレド / スペイン,,
B2,436,フランス・ハルス,ジプシー女,ルーヴル美術館,パリ / フランス,,
B2,437,フランス・ハルス,養老院の女理事たち,フランス・ハルス美術館,ハールレム / オランダ,,
B2,438,レンブラント・ファン・レイン,フローラに扮したサスキア,ナショナル・ギャラリー,ロンドン / イギリス,,
B2,439,ピーテル・パウル・リュベンス,リュベンスとイザベラ・ブラントの肖像,アルテ・ピナコテーク,ミュンヘン / ドイツ,,
B2,440,ピーテル・パウル・リュベンス,シュザンヌ・フールマンの肖像,ナショナル・ギャラリー,ロンドン / イギリス,,
B2,441,ピーテル・パウル・リュベンス,エレーヌ・フールマンの肖像,アルテ・ピナコテーク,ミュンヘン / ドイツ,,
B2,442,アンソニー・ヴァン・ダイク,狩猟場のチャールズ1世,ルーヴル美術館,パリ / フランス,,
B2,443,ピーテル・パウル・リュベンス,最後の審判,アルテ・ピナコテーク,ミュンヘン / ドイツ,,
B2,444,ピーテル・パウル・リュベンス,アマゾンの戦い,アルテ・ピナコテーク,ミュンヘン / ドイツ,,
B2,445,ピーテル・パウル・リュベンス,レウキッポスの娘たちの掠奪,アルテ・ピナコテーク,ミュンヘン / ドイツ,,
B2,446,ピーテル・パウル・リュベンス,三美神,プラド美術館,マドリード / スペイン,,B
B2,447,ピーテル・パウル・リュベンス,鏡を見るヴィーナス,ヴァドゥーツ城リヒテンシュタイン・コレクション,ヴァドゥーツ / リヒテンシュタイン,,
B2,448,ピーテル・パウル・リュベンス,マリー・ド・メディシスのマルセイユ上陸 （「マリー・ド・メディシスの生涯」より）,ルーヴル美術館,パリ / フランス,,
B2,449,ピーテル・パウル・リュベンス,キリスト昇架,アントウェルペン大聖堂,アントウェルペン / ベルギー,,
B2,450,ピーテル・パウル・リュベンス,サン=ドニ聖堂におけるマリー・ド・メディシスの 戴冠式（「マリー・ド・メディシスの生涯」より）,ルーヴル美術館,パリ / フランス,,
B2,451,グェルチーノ,聖女ペトロネラの埋葬と被昇天,カピトリーナ絵画館,ローマ / イタリア,,
B2,452,ニコラ・プッサン,パルナッソス,プラド美術館,マドリード / スペイン,,
B2,453,カラヴァッジョ,バッカス,ウフィツィ美術館,フィレンツェ / イタリア,,A
B2,454,グィード・レーニ,アタランテとヒッポメネス,プラド美術館,マドリード / スペイン,,
B2,455,ヤーコプ・ヨルダーンス,メレアグロスとアタランテ,プラド美術館,マドリード / スペイン,,
B2,456,アンニーバレ・カラッチ,キリストとサマリヤの女,ウィーン美術史美術館,ウィーン / オーストリア,,
B2,457,カラヴァッジョ,キリストの逮捕,アイルランド国立美術館,ダブリン / アイルランド,,
B2,458,フセペ・デ・リベーラ,聖ピリポの殉教,プラド美術館,マドリード / スペイン,,
B2,459,バルトロメ・ムリーリョ,無原罪の御宿り,プラド美術館,マドリード / スペイン,,
B2,460,バルトロメ・ムリーリョ,ロザリオの聖母,プラド美術館,マドリード / スペイン,,
B2,413,ヤン・フェルメール,デルフトの小路,アムステルダム国立美術館,アムステルダム / オランダ,,A
B2,414,ヤン・フェルメール,デルフトの眺望,マウリッツハイス美術館,ハーグ / オランダ,,A
B2,463,ヤン・フェルメール,手紙を読む女,アムステルダム国立美術館,アムステルダム / オランダ,,
B2,464,ヤン・フェルメール,牛乳を注ぐ女,アムステルダム国立美術館,アムステルダム / オランダ,,A
B2,1060,ヤン・フェルメール,真珠の耳飾りの少女（青いターバンの少女）,マウリッツハイス美術館,ハーグ / オランダ,,S
B2,1084,ヤン・フェルメール,ヴァージナルの前に立つ女,ナショナル・ギャラリー,ロンドン / イギリス,,
B2,1085,ヤン・フェルメール 2019年１０月１日〜,ワイングラスを持つ娘,ヘルツォーク・アントン・ウルリヒ美術館,ドイツ,,
B2,1086,ヤン・フェルメール 2019年１０月１日〜,地理学者,シュテーデル美術館,ドイツ,,
B2,1089,ヤン・フェルメール 2023年7月１1日〜,ヴァージナルの前に座る女,ナショナル・ギャラリー,ロンドン / イギリス,,
B2,1090,ヤン・フェルメール 2023年10月7日〜,音楽の稽古,王室コレクション,ロンドン / イギリス,,
B2,1092,ヤン・フェルメール 2025年3月18日〜,合奏,イザベラ・スチュワート・ガードナー美術館､ボストン､アメリカ,,,
B2,1094,ヤン・フェルメール 2026年3月13日〜,ギターを弾く女,ケンウッド・ハウス､ロンドン､イギリス,,,
B2,461,カラヴァッジョ,女占い師,ルーヴル美術館,パリ / フランス,,
B2,462,アンニーバレ・カラッチ,肉屋の店,クライスト・チャーチ,オックスフォード / イギリス,,
B2,465,ディエーゴ・ベラスケス,セビーリャの水売り,ウェリントン美術館,ロンドン / イギリス,,
B2,466,バルトロメ・ムリーリョ,パイを食べる少年たち,アルテ・ピナコテーク,ミュンヘン / ドイツ,,
B2,467,フセペ・デ・リベーラ,えび足の少年,ルーヴル美術館,パリ / フランス,,
B2,468,ル・ナン兄弟,鍛冶屋,ルーヴル美術館,パリ / フランス,,
B2,469,ル・ナン兄弟,干し草車,ルーヴル美術館,パリ / フランス,,
B2,470,ピーテル・パウル・リュベンス,ケルメス,ルーヴル美術館,パリ / フランス,,
B2,471,ヤーコプ・ヨルダーンス,豆の王様の祝宴,ウィーン美術史美術館,ウィーン / オーストリア,,
B2,472,ヤン・ステーン,乱れた家族,ウィーン美術史美術館,ウィーン / オーストリア,,
B2,473,ダーフィット・テニールス,酒を飲む王様,プラド美術館,マドリード / スペイン,,
B2,474,ジュリオ・ロマーノ,巨人族の没落,パラッツォ・デル・テ,マントヴァ / イタリア,,
B2,475,ドッソ・ドッシ,魔女キルケ,ボルゲーゼ美術館,ローマ / イタリア,,
B2,476,ジュゼッペ・アルチンボルド,水（「四大元素」より）,ウィーン美術史美術館,ウィーン / オーストリア,,B
B2,477,ジュゼッペ・アルチンボルド,火（「四大元素」より）,ウィーン美術史美術館,ウィーン / オーストリア,,B
B2,478,ジュゼッペ・アルチンボルド,冬（「四季」より）,ウィーン美術史美術館,ウィーン / オーストリア,,B
B2,479,ジュゼッペ・アルチンボルド,夏（「四季」より）,ウィーン美術史美術館,ウィーン / オーストリア,,B
B2,481,ジョルジョ・ヴァザーリ,ペルセウスとアンドロメダ,パラッツォ・ヴェッキオ,フィレンツェ / イタリア,,
B2,482,ジョヴァンニ・ベッリーニ,聖なる寓意,ウフィツィ美術館,フィレンツェ / イタリア,,
B2,483,クロード・モネ,モネの「大睡蓮」,オランジュリー美術館,パリ / フランス,,S
B2,484,フランシスコ・デ・ゴヤ,マリア・テレーサ・デ・ボルボンの肖像,ナショナル・ギャラリー,ワシントン / アメリカ,,
B2,485,フランシスコ・デ・ゴヤ,日傘,プラド美術館,マドリード / スペイン,,
B2,486,フランシスコ・デ・ゴヤ,陶器売り,プラド美術館,マドリード / スペイン,,
B2,487,フランシスコ・デ・ゴヤ,アルバ公爵夫人,ヒスパニック・ソサエティ・オヴ・アメリカ,ニューヨーク / アメリカ,,
B2,488,フランシスコ・デ・ゴヤ,チンチョン伯爵夫人,プラド美術館,マドリード / スペイン,,
B2,489,フランシスコ・デ・ゴヤ,着衣のマハ,プラド美術館,マドリード / スペイン,,A
B2,490,フランシスコ・デ・ゴヤ,裸のマハ,プラド美術館,マドリード / スペイン,,A
B2,491,フランシスコ・デ・ゴヤ,カルロス4世の家族,プラド美術館,マドリード / スペイン,,
B2,492,フランシスコ・デ・ゴヤ,1808年5月2日：エジプト人親衛隊との戦闘,プラド美術館,マドリード / スペイン,,
B2,493,フランシスコ・デ・ゴヤ,1808年5月3日：プリンシペ・ピオの丘での銃殺,プラド美術館,マドリード / スペイン,,A
B2,494,フランシスコ・デ・ゴヤ,ボルドーのミルク売り娘,プラド美術館,マドリード / スペイン,,
B2,495,フランシスコ・デ・ゴヤ,ゴヤの家「黒い絵」,プラド美術館,マドリード / スペイン,,A
B2,1076,フィンセント・ファン・ゴッホ,ヒマワリ,個人蔵,,,S
B2,1075,フィンセント・ファン・ゴッホ,ヒマワリ,,,,S
B2,1077,フィンセント・ファン・ゴッホ,ヒマワリ,ノイエ・ピナコテーク,ミュンヘン / ドイツ,,S
B2,1078,フィンセント・ファン・ゴッホ,ヒマワリ,ナショナル・ギャラリー,ロンドン / イギリス,,S
B2,1079,フィンセント・ファン・ゴッホ,ヒマワリ,SOMPO美術館,東京 / 日本,,S
B2,1080,フィンセント・ファン・ゴッホ,ヒマワリ,フィラデルフィア美術館,フィラデルフィア / アメリカ,,S
B2,706,フィンセント・ファン・ゴッホ,ヒマワリ,ゴッホ美術館,アムステルダム / オランダ,,S
B2,1081,ポール・ゴーギャン,ヒマワリを描くゴッホ,ゴッホ美術館,アムステルダム / オランダ,,
B2,1082,フィンセント・ファン・ゴッホ,タラスコンへの道を行く画家,1945年消失,マグデブルク / ドイツ,,
B2,1083,イサーク・イスラエルス,ヴァン・ゴッホ「ヒマワリ」の前に立つ女,ゴッホ美術館,アムステルダム / オランダ,,
B2,1088,フィンセント・ファン・ゴッホ 2023年3月14日〜,夜のカフェテラス,クレラー＝ミュラー美術館,オッテルロー / オランダ,,S
B2,496,アントワーヌ・ヴァトー,ピエロ（ジル）,ルーヴル美術館,パリ / フランス,,
B2,509,アントワーヌ・ヴァトー,シテール島への船出,ルーヴル美術館,パリ / フランス,,
B2,523,フランソワ・ブーシェ,リナルドとアルミーダ,ルーヴル美術館,パリ / フランス,,
B2,524,フランソワ・ブーシェ,朝食,ルーヴル美術館,パリ / フランス,,
B2,525,フランソワ・ブーシェ,水浴のディアナ,ルーヴル美術館,パリ / フランス,,
B2,537,フランソワ・ブーシェ,ポンパドゥール夫人の肖像,ウォーレス・コレクション,ロンドン / イギリス,,
B2,538,モーリス・カンタン・ド・ラ・トゥール,ポンパドゥール夫人の肖像,ルーヴル美術館,パリ / フランス,,
B2,556,ウィリアム・ターナー,ヴァティカンから眺めたローマ風景,テート・ギャラリー,ロンドン / イギリス,,
B2,557,ウィリアム・ターナー,カルタゴ帝国の滅亡,テート・ブリテン,ロンドン / イギリス,,
B2,558,ウィリアム・ターナー,平和：海葬,テート・ブリテン,ロンドン / イギリス,,
B2,559,ウィリアム・ターナー,戦艦テメレール,ナショナル・ギャラリー,ロンドン / イギリス,,A
B2,560,ウィリアム・ターナー,雨、蒸気、速力：グレート・ウェスタン鉄道,ナショナル・ギャラリー,ロンドン / イギリス,,A
B2,561,ジョン・コンスタブル,干し草車,ナショナル・ギャラリー,ロンドン / イギリス,,A
B2,562,ジョン・コンスタブル,麦畑,ナショナル・ギャラリー,ロンドン / イギリス,,
B2,563,ジョン・コンスタブル,フラットフォードの製粉所,テート・ブリテン,ロンドン / イギリス,,
B2,564,フレデリック=エドウィン・チャーチ,コトパクシ,デトロイト美術研究所,デトロイト / アメリカ,,
B2,565,トマス・コール,人生航路：青春期,ナショナル・ギャラリー,ワシントン / アメリカ,,
B2,1095,ヴィジェ＝ルブラン 2026年7月11日〜,バラを持つマリー・アントワネット,ヴェルサイユ宮殿美術館 ､ヴェルサイユ､フランス,,,
B2,497,ジャン・オノレ・フラゴナール,嵐,ルーヴル美術館,パリ / フランス,,
B2,498,ジャン・オノレ・フラゴナール,浴女たち,ルーヴル美術館,パリ / フランス,,
B2,499,ジャン・オノレ・フラゴナール,ぶらんこ,ウォーレス・コレクション,ロンドン / イギリス,,A
B2,500,ジャン・オノレ・フラゴナール,勉強（歌）,ルーヴル美術館,パリ / フランス,,
B2,501,ジャン=バティスト・シメオン・シャルダン,パイプと水差し,ルーヴル美術館,パリ / フランス,,
B2,502,ジャン=バティスト・シメオン・シャルダン,赤エイ,ルーヴル美術館,パリ / フランス,,
B2,503,ジャン=バティスト・シメオン・シャルダン,買い物帰りの召使い,ルーヴル美術館,パリ / フランス,,
B1,506,ジャン=バティスト・シメオン・シャルダン,独楽遊びをする少年,ルーヴル美術館,パリ / フランス,,
B1,507,ジャン=バティスト・グルーズ,村の花嫁,ルーヴル美術館,パリ / フランス,,
B1,508,エリザベート＝ルイーズ・ヴィジェ＝ルブラン,画家と娘,ルーヴル美術館,パリ / フランス,,
B1,510,トマス・ゲインズバラ,ポメラニアン犬の親子,テート・ブリテン,ロンドン / イギリス,,
B1,511,ウィリアム・ホガース,当世風の結婚：結婚してまだ日も浅いというのに,ナショナル・ギャラリー,ロンドン / イギリス,,
B1,512,ウィリアム・ホガース,古きイギリスのロースト・ビーフ,テート・ブリテン,ロンドン / イギリス,,
B1,513,トマス・ゲインズバラ,蝶を追う画家の娘たち,ナショナル・ギャラリー,ロンドン / イギリス,,
B1,514,トマス・ゲインズバラ,犬を抱き壺を下げる少女,アイルランド国立美術館,ダブリン / アイルランド,,
B1,515,ジョシュア・レノルズ,天使の頭部,テート・ブリテン,ロンドン / イギリス,,
B1,516,ジョシュア・レノルズ,マスター・ヘア,ルーヴル美術館,パリ / フランス,,
B1,517,ジョシュア・レノルズ,コクバーン夫人と三人の子どもたち,ナショナル・ギャラリー,ロンドン / イギリス,,
B1,518,ジョン・シングルトン・コープリー,,ナショナル・ギャラリー,ワシントン / アメリカ,,
B1,519,トマス・ローレンス,ジョン・アンガースタイン家の子どもたち,ルーヴル美術館,パリ / フランス,,
B1,520,ライト・オヴ・ダービー,空気ポンプの実験,ナショナル・ギャラリー,ロンドン / イギリス,,
B1,521,テオドール・ジェリコー,エプソムの競馬,ルーヴル美術館,パリ / フランス,,
B1,522,ジョージ・スタッブズ,馬と川のある風景,テート・ブリテン,ロンドン / イギリス,,
B1,526,ウィリアム・ブレイク,反逆天使たちを呼び覚ますサタン,ヴィクトリア・アンド・アルバート美術館,ロンドン / イギリス,,
B1,527,ウィリアム・ブレイク,ニュートン,テート・ブリテン,ロンドン / イギリス,,
B1,528,ライト・オヴ・ダービー,サンタンジェロ城の花火（ジランドーラ）,ウォーカー美術館,リヴァプール / イギリス,,
B1,529,ライト・オヴ・ダービー,,ダービー美術館,ダービー / イギリス,,
B1,530,ヨハン・ハインリヒ・フュースリ,夢魔,デトロイト美術研究所,デトロイト / アメリカ,,A
B1,531,ヨハン・ハインリヒ・フュースリ,真夏の夜の夢,チューリヒ美術館,チューリヒ / スイス,,
B1,532,カスパル・ダーヴィト・フリードリヒ,月を眺める二人の男,ドレスデン近代絵画館,ドレスデン / ドイツ,,
B1,533,カスパル・ダーヴィト・フリードリヒ,氷海：「希望」号の難破,ハンブルク美術館,ハンブルク / ドイツ,,
B1,534,カスパル・ダーヴィト・フリードリヒ,山上の十字架（テッチェン祭壇画）,ドレスデン近代絵画館,ドレスデン / ドイツ,,
B1,535,フィリップ・オットー・ルンゲ,朝,ハンブルク美術館,ハンブルク / ドイツ,,
B1,536,ウィリアム・ブレイク,ダンテとベアトリーチェ,テート・ブリテン,ロンドン / イギリス,,
B1,539,ジャック=ルイ・ダヴィッド,レカミエ夫人の肖像,ルーヴル美術館,パリ / フランス,,
B1,540,ジョゼフ=マリー・ヴィアン,アモルを売る女,フォンテーヌブロー宮殿美術館,フォンテーヌブロー / フランス,,
B1,541,ドミニック・アングル,泉,オルセー美術館,パリ / フランス,,A
B1,542,ドミニック・アングル,グランド・オダリスク,ルーヴル美術館,パリ / フランス,,A
B1,543,ドミニック・アングル,ヴァルパンソンの浴女,ルーヴル美術館,パリ / フランス,,
B1,544,ドミニック・アングル,リヴィエール嬢の肖像,ルーヴル美術館,パリ / フランス,,
B1,545,ドミニック・アングル,トルコ風呂,ルーヴル美術館,パリ / フランス,,B
B1,546,トマス・コール,建築家の夢,トリード美術館,トリード / アメリカ,,
B1,547,ユベール・ロベール,メゾン・カレ,ルーヴル美術館,パリ / フランス,,
B1,548,ユベール・ロベール,ルーヴル美術館グランド・ギャラリーの改造計画,ルーヴル美術館,パリ / フランス,,
B1,549,ジョゼフ・ヴェルネ,トゥーロン港,ルーヴル美術館,パリ / フランス,,
B1,550,ジョヴァンニ・パオロ・パンニーニ,ナヴォーナ広場,ルーヴル美術館,パリ / フランス,,
B1,551,カナレット,突堤：サン・マルコ港からの眺め,ルーヴル美術館,パリ / フランス,,
B1,552,カナレット,カナル・グランデのレガッタ,ナショナル・ギャラリー,ロンドン / イギリス,,
B1,553,カナレット,列柱廊のあるカプリッチョ,アカデミア美術館,ヴェネツィア / イタリア,,
B1,554,フランチェスコ・グァルディ,サン・マルコ広場,ナショナル・ギャラリー,ロンドン / イギリス,,
B1,566,ジャック=ルイ・ダヴィッド,ホラティウス兄弟の誓い,ルーヴル美術館,パリ / フランス,,A
B1,567,ウジェーヌ・ドラクロワ,アルジェの女たち,ルーヴル美術館,パリ / フランス,,
B1,568,ウジェーヌ・ドラクロワ,ダンテの小舟（地獄のダンテとウェルギリウス）,ルーヴル美術館,パリ / フランス,,
B1,569,ウジェーヌ・ドラクロワ,キオス島の虐殺,ルーヴル美術館,パリ / フランス,,
B1,570,ウジェーヌ・ドラクロワ,サルダナパロスの死,ルーヴル美術館,パリ / フランス,,
B1,571,ウジェーヌ・ドラクロワ,民衆を導く自由の女神,ルーヴル美術館,パリ / フランス,,S
B1,572,ジロデ=トリオゾン,アタラの埋葬,ルーヴル美術館,パリ / フランス,,
B1,555,フランソワ・ジェラール,アモルとプシュケ,ルーヴル美術館,パリ / フランス,,
B1,573,フリードリヒ・オーヴァーベック,ヴィットリア・カルドーニの肖像,ノイエ・ピナコテーク,ミュンヘン / ドイツ,,
B1,574,ヨハン・ヴィルヘルム・ティッシュバイン,カンパーニャのゲーテ,シュテーデル美術研究所,フランクフルト / ドイツ,,
B1,575,フランソワ・ルモワーヌ,ヘラクレスとオンファレ,ルーヴル美術館,パリ / フランス,,
B1,576,ジョヴァンニ・バッティスタ・ティエポロ,無原罪の御宿り,プラド美術館,マドリード / スペイン,,
B1,577,ジョヴァンニ・バッティスタ・ティエポロ,アポロとダフネ,ルーヴル美術館,パリ / フランス,,
B1,578,カスパル・ヴォルフ,悪魔の橋,アールガウアー美術館（寄託）,アーラウ / スイス,,
B1,579,マーティン・ジョンソン・ヒード,カトレアと3羽のブラジルハチドリ,ナショナル・ギャラリー,ワシントン / アメリカ,,
B1,580,カミーユ・コロー,ナルニの橋,ルーヴル美術館,パリ / フランス,,
B1,581,カミーユ・コロー,マントの橋,ルーヴル美術館,パリ / フランス,,
B1,582,カミーユ・コロー,モルトフォンテーヌの思い出,ルーヴル美術館,パリ / フランス,,
B1,583,カミーユ・コロー,ローマのサンタンジェロ城とテヴェレ川,ルーヴル美術館,パリ / フランス,,
B1,584,カミーユ・コロー,真珠の女,ルーヴル美術館,パリ / フランス,,
B1,585,テオドール・ルソー,アプレモンの樫の木,ルーヴル美術館,パリ / フランス,,
B1,586,イヴァン・アイヴァゾフスキー,第九の波濤,ロシア美術館,サンクト・ペテルブルグ / ロシア,,A
B1,587,コンスタン・トロワイヨン,耕地へ向かう牛,オルセー美術館,パリ / フランス,,
B1,588,ローザ・ボヌール,ニヴェルネ地方の耕作,オルセー美術館,パリ / フランス,,
B1,589,ギュスターヴ・クールベ,鹿の隠れ場,オルセー美術館,パリ / フランス,,
B1,590,ギュスターヴ・クールベ,エトルタの断崖、嵐の後,オルセー美術館,パリ / フランス,,
B1,591,ギュスターヴ・クールベ,眠り,プティ・パレ美術館,パリ / フランス,,B
B1,592,ギュスターヴ・クールベ,画家のアトリエ,オルセー美術館,パリ / フランス,,A
B1,593,シャルル=フランソワ・ドービニー,オワーズ川の日没,オルセー美術館,パリ / フランス,,
B1,594,ジュール・ブルトン,家路につく落ち穂拾いの女たち,オルセー美術館,パリ / フランス,,
B1,595,ジャン=フランソワ・ミレー,春,オルセー美術館,パリ / フランス,,
B1,596,ジャン=フランソワ・ミレー,落ち穂拾い,オルセー美術館,パリ / フランス,,S
B1,597,ジャン=フランソワ・ミレー,羊飼いの少女,オルセー美術館,パリ / フランス,,
B1,598,ジャン=フランソワ・ミレー,晩鐘,オルセー美術館,パリ / フランス,,S
B1,599,オノレ・ドーミエ,洗濯女,オルセー美術館,パリ / フランス,,
B1,600,オノレ・ドーミエ,自画像：イーゼルの前の画家,フィリップス・コレクション,ワシントン / アメリカ,,
B1,601,オノレ・ドーミエ,三等列車,カナダ国立美術館,オタワ / カナダ,,
B1,602,ヴィルヘルム・ライブル,教会の中の三人の女,ハンブルク美術館,ハンブルク / ドイツ,,
B1,603,アドルフ・メンツェル,アトリエの壁,ハンブルク美術館,ハンブルク / ドイツ,,
B1,604,カール・シュピッツヴェーク,蝶の捕獲,ヴィースバーデン美術館,ヴィースバーデン / ドイツ,,
B1,605,カール・シュピッツヴェーク,貧しき詩人,ノイエ・ピナコテーク,ミュンヘン / ドイツ,,
B1,606,カール・シュピッツヴェーク,男やもめ,ノイエ・ピナコテーク,ミュンヘン / ドイツ,,
B1,607,イヴァン・クラムスコイ,見知らぬ女,トレチャコフ美術館,モスクワ / ロシア,,A
B1,608,イサーク・レヴィタン,静かな修道院,トレチャコフ美術館,モスクワ / ロシア,,
B1,609,イリヤ・レーピン,ヴォルガの船曳き,ロシア美術館,サンクト・ペテルブルグ / ロシア,,A
B1,610,ジョン・シンガー・サージェント,カーネーション、リリー、リリー、ローズ,テート・ブリテン,ロンドン / イギリス,,
B1,611,ジェイムズ・アボット・マクニール・ ホイッスラー,バラ色と銀色：陶磁器の国の姫君,フリーア美術館,ワシントン / アメリカ,,
B1,612,クロード・モネ,ラ・ジャポネーズ,ボストン美術館,ボストン / アメリカ,,
B1,613,オーギュスト・ルノワール,ムーラン・ド・ラ・ギャレット,オルセー美術館,パリ / フランス,,S
B1,614,エドゥアール・マネ,ナナ,ハンブルク美術館,ハンブルク / ドイツ,,
B1,615,エドゥアール・マネ,オランピア,オルセー美術館,パリ / フランス,,S
B1,616,エドゥアール・マネ,草上の昼食,オルセー美術館,パリ / フランス,,S
B1,617,エドゥアール・マネ,笛を吹く少年,オルセー美術館,パリ / フランス,,
B1,618,エドゥアール・マネ,エミール・ゾラの肖像,オルセー美術館,パリ / フランス,,
B1,619,エドゥアール・マネ,バルコニー,オルセー美術館,パリ / フランス,,
B1,620,オーギュスト・ルノワール,読書する女,オルセー美術館,パリ / フランス,,
B1,621,オーギュスト・ルノワール,団扇をもつ少女,クラーク美術研究所,ウィリアムズタウン / アメリカ,,
B1,622,エドゥアール・マネ,フォリー=ベルジェールのバー,コートールド美術研究所,ロンドン / イギリス,,A
B1,623,オーギュスト・ルノワール,桟敷席,コートールド美術研究所,ロンドン / イギリス,,
B1,624,オーギュスト・ルノワール,アルジェリア風の衣裳を着たフルーリ嬢,クラーク美術研究所,ウィリアムズタウン / アメリカ,,
B1,625,オーギュスト・ルノワール,コンサートにて,クラーク美術研究所,ウィリアムズタウン / アメリカ,,
B1,626,オーギュスト・ルノワール,セーヌ川の舟遊び,ナショナル・ギャラリー,ロンドン / イギリス,,
B1,627,オーギュスト・ルノワール,マルゴの肖像,オルセー美術館,パリ / フランス,,
B1,628,オーギュスト・ルノワール,ぶらんこ,オルセー美術館,パリ / フランス,,
B1,629,オーギュスト・ルノワール,ブージヴァルのダンス,ボストン美術館,ボストン / アメリカ,,
B1,630,オーギュスト・ルノワール,都会のダンス,オルセー美術館,パリ / フランス,,
B1,631,オーギュスト・ルノワール,田舎のダンス,オルセー美術館,パリ / フランス,,
B1,632,オーギュスト・ルノワール,ピアノに向かう娘たち,オルセー美術館,パリ / フランス,,
B1,633,オーギュスト・ルノワール,バラを飾るガブリエル,オルセー美術館,パリ / フランス,,
B1,634,オーギュスト・ルノワール,浴女たち,オルセー美術館,パリ / フランス,,
B1,1093,クロード・モネ,印象、日の出,マルモッタン美術館,パリ / フランス,,S
B1,635,クロード・モネ,カササギ,オルセー美術館,パリ / フランス,,
B1,636,クロード・モネ,アルジャントゥイユの橋,ナショナル・ギャラリー,ワシントン / アメリカ,,
B1,637,クロード・モネ,アルジャントゥイユのヒナゲシ,オルセー美術館,パリ / フランス,,
B1,639,クロード・モネ,アルジャントゥイユのヨット・レース,オルセー美術館,パリ / フランス,,
B1,640,クロード・モネ,サン=ラザール駅,オルセー美術館,パリ / フランス,,
B1,641,クロード・モネ,ゴディベール夫人の肖像,オルセー美術館,パリ / フランス,,
B1,642,クロード・モネ,日傘の女,オルセー美術館,パリ / フランス,,A
B1,643,クロード・モネ,ルーアン大聖堂,オルセー美術館,パリ / フランス,,A
B1,644,クロード・モネ,睡蓮：バラ色のハーモニー,オルセー美術館,パリ / フランス,,A
B1,645,クロード・モネ,睡蓮：緑のハーモニー,オルセー美術館,パリ / フランス,,A
B1,646,クロード・モネ,ロンドンの国会議事堂,オルセー美術館,パリ / フランス,,
B1,685,アンリ・ヴァン・デ・ヴェルデ,窓辺の女,アントウェルペン王立美術館,アントウェルペン / ベルギー,,
B1,686,ヤン・トーロップ,海,クレラー=ミュラー美術館,オッテルロー / オランダ,,
B1,687,アンジェロ・モルベッリ,80セントのために,ボルゴーニャ美術館,ヴェルチェッリ / イタリア,,
B1,688,ジュゼッペ・ペリッツァ・ダ・ヴォルペード,円舞,ミラノ市立近代美術館,ミラノ / イタリア,,
B1,647,エドガー・ドガ,オペラ座のオーケストラ,オルセー美術館,パリ / フランス,,
B1,648,エドガー・ドガ,アイロンをかける女たち,オルセー美術館,パリ / フランス,,
B1,649,エドガー・ドガ,カフェにて,オルセー美術館,パリ / フランス,,
B1,650,エドガー・ドガ,ダンス教室,オルセー美術館,パリ / フランス,,A
B1,651,エドガー・ドガ,花束を持つ踊り子,オルセー美術館,パリ / フランス,,
B1,652,エドガー・ドガ,舞台の踊り子（エトワール）,オルセー美術館,パリ / フランス,,
B1,653,エドガー・ドガ,花束を持って挨拶する踊り子,オルセー美術館,パリ / フランス,,
B1,654,エドガー・ドガ,青い踊り子,オルセー美術館,パリ / フランス,,
B1,655,エドガー・ドガ,手袋の歌手,フォッグ美術館,ケンブリッジ / アメリカ,,
B1,656,エドガー・ドガ,浴槽,オルセー美術館,パリ / フランス,,
B1,657,カミーユ・ピサロ,赤い屋根,オルセー美術館,パリ / フランス,,
B1,658,カミーユ・ピサロ,モンマルトル大通り,エルミタージュ美術館,サンクト・ペテルブルグ / ロシア,,
B1,659,アルフレッド・シスレー,ルーヴシエンヌの雪,オルセー美術館,パリ / フランス,,
B1,660,アルフレッド・シスレー,ポール=マルリの洪水,オルセー美術館,パリ / フランス,,
B1,661,ウジェーヌ・ブーダン,トルーヴィルの海岸,オルセー美術館,パリ / フランス,,
B1,662,ヨハン・バルトルト・ヨンキント,セーヌ川とノートル=ダム,オルセー美術館,パリ / フランス,,
B1,663,ニコラエ・グリゴレスク,海辺にて,ルーマニア国立美術館,ブカレスト / ルーマニア,,
B1,680,マクシミリアン・リュス,杭打ち人夫,オルセー美術館,パリ / フランス,,
B1,681,アンリ・ル・シダネル,日の当たるテーブル,ナント美術館,ナント / フランス,,
B1,682,シャルル・アングラン,夜明けのセーヌ,プティ・パレ美術館,ジュネーヴ / スイス,,
B1,683,ジョルジュ・レメン,アイストの浜辺,オルセー美術館,パリ / フランス,,
B1,684,アンリ=エドモン・クロス,金色の島々,オルセー美術館,パリ / フランス,,
B1,664,ベルト・モリゾ,揺り籠,オルセー美術館,パリ / フランス,,B
B1,665,メアリー・カサット,庭の若い女,オルセー美術館,パリ / フランス,,
B1,666,メアリー・カサット,一杯のお茶,ボストン美術館,ボストン / アメリカ,,B
B1,667,ジェイムズ・アボット・マクニール・ ホイッスラー,白のシンフォニー,テート・ブリテン,ロンドン / イギリス,,
B1,668,ジェイムズ・アボット・マクニール・ ホイッスラー,灰色と黒のアレンジメントNo.1： 画家の母の肖像,オルセー美術館,パリ / フランス,,A
B1,669,ジェイムズ・アボット・マクニール・ ホイッスラー,青と金のノクターン： オールド・バタシー・ブリッジ,テート・ブリテン,ロンドン / イギリス,,
B1,670,アンリ・ファンタン=ラトゥール,バティニョールのアトリエ,オルセー美術館,パリ / フランス,,
B1,671,アンリ・ファンタン=ラトゥール,花と果物,オルセー美術館,パリ / フランス,,
B1,672,アンリ・ド・トゥルーズ=ロートレック,メイ・ベルフォール嬢,クリーヴランド美術館,クリーヴランド / アメリカ,,
B1,673,アンリ・ド・トゥルーズ=ロートレック,化粧する女,オルセー美術館,パリ / フランス,,
B1,674,アンリ・ド・トゥルーズ=ロートレック,ムーラン・ルージュにて,シカゴ美術研究所,シカゴ / アメリカ,,A
B1,675,マックス・リーバーマン,ミュンヘンのビア・ガーデン,ノイエ・ピナコテーク,ミュンヘン / ドイツ,,
B1,676,ジョルジュ・スーラ,サーカス,オルセー美術館,パリ / フランス,,
B1,677,ジョルジュ・スーラ,アニエールの水浴,ナショナル・ギャラリー,ロンドン / イギリス,,
B1,678,ジョルジュ・スーラ,グランド・ジャット島の日曜日の午後,シカゴ美術研究所,シカゴ / アメリカ,,S
B1,679,ポール・シニャック,マルセイユ港の入ロ,オルセー美術館,パリ / フランス,,
B1,704,フィンセント・ファン・ゴッホ,麦藁帽子の自画像,デトロイト美術研究所,デトロイト / アメリカ,,
B1,705,フィンセント・ファン・ゴッホ,自画像,オルセー美術館,パリ / フランス,,
B1,707,フィンセント・ファン・ゴッホ,アルルのゴッホの部屋,オルセー美術館,パリ / フランス,,A
B1,708,フィンセント・ファン・ゴッホ,ローヌ川の星月夜,オルセー美術館（寄託）,パリ / フランス,,A
B1,709,フィンセント・ファン・ゴッホ,種まく人,クレラー=ミュラー美術館,オッテルロー / オランダ,,
B1,710,フィンセント・ファン・ゴッホ,ガシェ博士の肖像,オルセー美術館,パリ / フランス,,
B1,711,フィンセント・ファン・ゴッホ,オーヴェールの教会,オルセー美術館,パリ / フランス,,
B1,712,ピエール・ボナール,クロッケーの試合,オルセー美術館,パリ / フランス,,
B1,713,ピエール・ボナール,浴槽の裸婦,プティ・パレ美術館,パリ / フランス,,
B1,714,エドゥアール・ヴュイヤール,公園,オルセー美術館,パリ / フランス,,
B1,715,エドゥアール・ヴュイヤール,寝台にて,オルセー美術館,パリ / フランス,,
B1,721,ラファエル・コラン,フロレアル,アラス美術館,アラス / フランス,,
B1,722,エミール=オーギュスト・ カロリュス=デュラン,手袋の婦人,オルセー美術館,パリ / フランス,,
B1,723,マリー・バシュキルツェフ,出会い,オルセー美術館,パリ / フランス,,
B1,716,モーリス・ドニ,ミューズたち,オルセー美術館,パリ / フランス,,
B1,717,モーリス・ドニ,窓辺の母子,オルセー美術館,パリ / フランス,,
B1,718,シャルル・モーラン,母性,クロザティエ美術館,ル・ピュイ=アン=ヴレー / フランス,,
B1,719,フェリックス・ヴァロットン,ボール,オルセー美術館,パリ / フランス,,
B1,720,ポール・ランソン,,個人蔵,ニューヨーク / アメリカ,,
B1,745,アンリ・ルソー,異国風景,ノートン・サイモン美術館,パサディナ / アメリカ,,
B1,746,アンリ・ルソー,蛇使い,オルセー美術館,パリ / フランス,,
B1,747,アンリ・ルソー,戦争,オルセー美術館,パリ / フランス,,
B1,748,アンリ・ルソー,子どもと人形,ヴィンタートゥール美術館,ヴィンタートゥール / スイス,,
B1,749,アンリ・ルソー,田舎の結婚式,オランジュリー美術館,パリ / フランス,,
B1,750,ジョン・エヴァレット・ミレイ,オフィーリア,テート・ブリテン,ロンドン / イギリス,,A
B1,751,ジョン・エヴァレット・ミレイ,盲目の少女,バーミンガム市立美術館,バーミンガム / イギリス,,
B1,752,ダンテ・ゲイブリエル・ロセッティ,ベアタ・ベアトリクス,テート・ブリテン,ロンドン / イギリス,,
B1,753,ダンテ・ゲイブリエル・ロセッティ,モンナ・ヴァンナ,テート・ブリテン,ロンドン / イギリス,,
B1,762,エドワード・バーン=ジョーンズ,天地創造の5日目/6日目,フォッグ美術館,ケンブリッジ / アメリカ,,
B1,754,ジョン・ブレット,石割り,ウォーカー美術館,リヴァプール / イギリス,,
B1,757,ウィリアム・ホルマン・ハント,雇われの羊飼い,マンチェスター市立美術館,マンチェスター / イギリス,,
B1,758,ウィリアム・ホルマン・ハント,世の光,キーブル・カレッジ,オックスフォード / イギリス,,
B1,759,ウィリアム・ホルマン・ハント,われらがイギリスの海辺,テート・ブリテン,ロンドン / イギリス,,
B1,760,フォード・マドックス・ブラウン,メエメエ子羊,バーミンガム市立美術館,バーミンガム / イギリス,,
B1,761,フォード・マドックス・ブラウン,さらばイギリス,バーミンガム市立美術館,バーミンガム / イギリス,,
B1,763,フォード・マドックス・ブラウン,労働,マンチェスター市立美術館,マンチェスター / イギリス,,
B1,764,ギュスターヴ・モロー,一角獣,モロー美術館,パリ / フランス,,
B1,765,ギュスターヴ・モロー,岩の上のサッフォー,ヴィクトリア・アンド・アルバート美術館,ロンドン / イギリス,,
B1,766,ギュスターヴ・モロー,クレオパトラ,ルーヴル美術館,パリ / フランス,,
B1,767,ギュスターヴ・モロー,オルフェウス,オルセー美術館,パリ / フランス,,B
B1,768,ギュスターヴ・モロー,神秘の花,モロー美術館,パリ / フランス,,
B1,739,ウィリアム・モー・エグリー,ロンドンの乗合バス,テート・ブリテン,ロンドン / イギリス,,
B1,740,オーガスタス・レオポルド・エッグ,旅の道連れ,バーミンガム市立美術館,バーミンガム / イギリス,,
B1,741,デイヴィッド・ロバーツ,エジプトからのユダヤ人の脱出,バーミンガム市立美術館,バーミンガム / イギリス,,
B1,742,チャールズ・エドワード・ペルジーニ,心は変わらず,ウォーカー美術館,リヴァプール / イギリス,,
B1,743,サミュエル・ルーク・ファイルズ,救貧院に収容されるのを待つ人々,ロンドン大学ロイヤル・ハロウェイ・アンド・ベッドフォード・ ニュー・カレッジ,エガム / イギリス,,
B1,744,ヒュー・ゴールドウィン・リヴィエール,エデンの園,ギルドホール・アート・ギャラリー,ロンドン / イギリス,,
B1,755,エドワード・バーン=ジョーンズ,コフェトゥア王と物乞いの少女,テート・ブリテン,ロンドン / イギリス,,
B1,756,エドワード・バーン=ジョーンズ,黄金の階段,テート・ブリテン,ロンドン / イギリス,,
B1,769,グスタフ・クリムト,接吻,ベルヴェデーレ宮殿,ウィーン / オーストリア,,S
B1,770,グスタフ・クリムト,アデーレ・ブロッホ=バウアーの肖像 Ⅰ,ノイエ・ギャラリー,ニューヨーク / アメリカ,,A
B1,771,エゴン・シーレ,死と乙女,ベルヴェデーレ宮殿,ウィーン / オーストリア,,B
B1,772,エゴン・シーレ,四本の樹,ベルヴェデーレ宮殿,ウィーン / オーストリア,,
B1,773,エゴン・シーレ,家族,ベルヴェデーレ宮殿,ウィーン / オーストリア,,
B1,735,ジョヴァンニ・バッティスタ・ピアッツェッタ,聖母被昇天,ルーヴル美術館,パリ / フランス,,
B1,736,ジャック=ルイ・ダヴィッド,皇帝ナポレオン1世と皇后ジョゼフィーヌの戴冠,ルーヴル美術館,パリ / フランス,,S
B1,737,テオドール・ジェリコー,メデューズ号の筏,ルーヴル美術館,パリ / フランス,,
B1,689,ポール・セザンヌ,首吊りの家,オルセー美術館,パリ / フランス,,
B1,690,ポール・セザンヌ,モデルヌ・オランピア,オルセー美術館,パリ / フランス,,
B1,691,ポール・セザンヌ,自画像,フィリップス・コレクション,ワシントン / アメリカ,,
B1,692,オーギュスト・ルノワール,ヴィクトール・ショケの肖像,フォッグ美術館,ケンブリッジ / アメリカ,,
B1,693,ポール・セザンヌ,松の木のあるサント=ヴィクトワール山,コートールド美術研究所,ロンドン / イギリス,,
B1,694,ポール・セザンヌ,三人の浴女たち,プティ・パレ美術館,パリ / フランス,,
B1,695,ポール・セザンヌ,リンゴとオレンジ,オルセー美術館,パリ / フランス,,B
B1,697,ポール・ゴーギャン,光輪のある自画像,ナショナル・ギャラリー,ワシントン / アメリカ,,
B1,698,ポール・ゴーギャン,自画像（レ・ミゼラブル）,ゴッホ美術館,アムステルダム / オランダ,,
B1,699,ポール・ゴーギャン,美しきアンジェール,オルセー美術館,パリ / フランス,,
B1,700,ポール・ゴーギャン,説教の後の幻影,スコットランド国立美術館,エディンバラ / イギリス,,
B1,701,ポール・ゴーギャン,黄色いキリスト,オールブライト=ノックス美術館,バッファロー / アメリカ,,B
B1,702,ポール・ゴーギャン,イア・オラナ・マリア（マリアを拝む）,メトロポリタン美術館,ニューヨーク / アメリカ,,
B1,703,ポール・ゴーギャン,ヴァイルマティ,オルセー美術館,パリ / フランス,,
B1,724,ジェイムズ・ティソ,東方三博士の旅,ミネアポリス美術研究所,ミネアポリス / アメリカ,,
B1,725,ジェイムズ・ティソ,休日,テート・ブリテン,ロンドン / イギリス,,
B1,726,ジェイムズ・ティソ,舞踏会,オルセー美術館,パリ / フランス,,
B1,727,ローレンス・アルマ=タデマ,お気に入りの習慣,テート・ブリテン,ロンドン / イギリス,,
B1,728,ローレンス・アルマ=タデマ,銀色のお気に入り,マンチェスター市立美術館,マンチェスター / イギリス,,
B1,729,ジャン・ベロー,マグダラのマリア,オルセー美術館,パリ / フランス,,
B1,730,ジョン・フレデリック・ルイス,シエスタ,テート・ブリテン,ロンドン / イギリス,,
B1,731,ジャン=レオン・ジェローム,裁きを受けるフリュネ,ハンブルク美術館,ハンブルク / ドイツ,,
B1,732,ソロモン・ジョセフ・ソロモン,サムソンとデリラ,ウォーカー美術館,リヴァプール / イギリス,,
B1,733,レオン・ベリー,メッカヘの巡礼,オルセー美術館,パリ / フランス,,
B1,734,アレクサンドル・カバネル,ヴィーナスの誕生,オルセー美術館,パリ / フランス,,
B1,738,ウィリアム・ブーグロー,ヴィーナスの誕生,オルセー美術館,パリ / フランス,,
B1,774,ピエール・ピュヴィス・ド・シャヴァンヌ,貧しき漁師,オルセー美術館,パリ / フランス,,
B1,775,フェルディナント・ホドラー,夜,ベルン美術館,ベルン / スイス,,
B1,776,フェルディナント・ホドラー ジョヴァンニ・セガンティーニ ジョヴァンニ・セガンティーニ ジョヴァンニ・セガンティーニ,選ばれし者 生成（「アルプス三部作」より） 存在（「アルプス三部作」より） 衰退（「アルプス三部作」より）,ベルン美術館（寄託）、ベルン、スイス セガンティーニ美術館、サン=モリッツ、スイス セガンティーニ美術館、サン=モリッツ、スイス セガンティーニ美術館,サン=モリッツ / スイス,,
B1,778,ジョヴァンニ・セガンティーニ,湖を渡るアヴェ・マリア,ザンクト・ガレン美術館（寄託）,ザンクト・ガレン / スイス,,
B1,779,ジョヴァンニ・セガンティーニ,編み物をする娘,チューリヒ美術館（寄託）,チューリヒ / スイス,,
B1,780,ジョヴァンニ・セガンティーニ,生命の泉に寄る愛の天使,ミラノ市立近代美術館,ミラノ / イタリア,,
B1,781,オディロン・ルドン,仏陀,オルセー美術館,パリ / フランス,,
B1,782,オディロン・ルドン,目を閉じて,オルセー美術館,パリ / フランス,,B
B1,783,オディロン・ルドン,ヴィオレット・エイマンの肖像,クリーヴランド美術館,クリーヴランド / アメリカ,,
B1,784,ジュール・シェレ,大地,ニ一ス市立美術館,ニ一ス / フランス,,
B1,785,ジュール・シェレ,ピエロに扮したパントマイム役者ジョルジュ・ヴァーグ,ニース市立美術館,ニ一ス / フランス,,
B1,786,ギュスターヴ=アドルフ・モッサ,彼女,ニ一ス市立美術館,ニ一ス / フランス,,
B1,787,ウジェーヌ・カリエール,親しみ,オルセー美術館,パリ / フランス,,
B1,788,カルロス・シュワーべ,墓掘り人の死,ルーヴル美術館,パリ / フランス,,
B1,789,カルロス・シュワーべ,百合の聖母,ゴッホ美術館,アムステルダム / オランダ,,
B1,790,アルノルト・ベックリン,波間のたわむれ,ノイエ・ピナコテーク,ミュンヘン / ドイツ,,
B1,791,アルノルト・ベックリン,死の島,ライプツィヒ美術館,ライプツィヒ / ドイツ,,A
B1,792,フェルディナント・ケラー,ベックリンの墓,カールスルーエ美術館,カールスルーエ / ドイツ,,
B1,793,ヤン・トーロップ,宿命論,クレラー=ミュラー美術館,オッテルロー / オランダ,,
B1,794,ヤン・トーロップ,三人の花嫁,クレラー=ミュラー美術館,オッテルロー / オランダ,,
B1,795,フェルナン・クノップフ,沈黙,ブリュッセル王立美術館,ブリュッセル / ベルギー,,
B1,796,ウィリアム・ドグーヴ・ド・ニュンク,黒鳥,クレラー=ミュラー美術館,オッテルロー / オランダ,,
B1,797,フェルナン・クノップフ,見捨てられた町,ブリュッセル王立美術館,ブリュッセル・ベルギー,,
B1,798,ジェイムズ・アンソール,嵐を鎮めるキリスト,オステンド市立美術館,オステンド / ベルギー,,
B1,799,ジェイムズ・アンソール,陰謀,アントウェルペン王立美術館,アントウェルペン / ベルギー,,
B1,800,ジェイムズ・アンソール,イーゼルの前の自画像,アントウェルペン王立美術館,アントウェルペン / ベルギー,,
B1,801,ジェイムズ・アンソール,ストーブで暖まる骸骨,キンベル美術館,フォートワース / アメリカ,,
B1,802,ジェイムズ・アンソール,仮面と死神,リエージュ市立近代美術館,リエージュ / ベルギー,,
B1,803,グザヴィエ・メルリー,秋,ブリュッセル王立美術館,ブリュッセル / ベルギー,,
B1,804,ジョージ・フレデリック・ワッツ,希望,テート・ブリテン,ロンドン / イギリス,,
B1,805,アンデシュ・レオナルド・ソーン,真夏のダンス,ストックホルム国立美術館,ストックホルム / スウェーデン,,
B1,806,ハラルド・ソールベリ,北の花咲く野原,オスロ国立美術館,オスロ / ノルウェー,,
B1,807,キティ・キーランド,夏の夜,オスロ国立美術館,オスロ / ノルウェー,,
B1,808,ハラルド・ソールベリ,ロンダーネの冬の夜,オスロ国立美術館,オスロ / ノルウェー,,
B1,809,ウジェーヌ・ヤンソン,リッダー庭園の夜明け,プリンス・オイゲンス美術館,ストックホルム / スウェーデン,,
B1,810,クリスティアン・クローグ,病める子,オスロ国立美術館,オスロ / ノルウェー,,
B1,811,エドヴァルト・ムンク,病める子,オスロ国立美術館,オスロ / ノルウェー,,
B1,812,エドヴァルト・ムンク,メランコリー,オスロ国立美術館,オスロ / ノルウェー,,
B1,813,エドヴァルト・ムンク,叫び,オスロ国立美術館,オスロ / ノルウェー,,S
B1,814,エドヴァルト・ムンク,思春期,オスロ国立美術館,オスロ / ノルウェー,,
B1,815,エドヴァルト・ムンク,ダグニー・ユールの肖像,ムンク美術館,オスロ / ノルウェー,,
B1,816,エドヴァルト・ムンク,星月夜,ムンク美術館,オスロ / ノルウェー,,
B1,817,エドヴァルト・ムンク,生のダンス,オスロ国立美術館,オスロ / ノルウェー,,
B1,1057,エドヴァルト・ムンク,マドンナ,ムンク美術館,オスロ / ノルウェー,,A
B1,818,リッカード・ベリ,北欧の夏の宵,イェーテボリ美術館,イェーテボリ / スウェーデン,,
B1,819,ヴィルヘルム・ハマーショイ,座る女のいる室内,オーフス美術館,オーフス / デンマーク,,
B1,820,テオドール・キッテルセン,湖の怪物,オスロ国立美術館,オスロ / ノルウェー,,
B1,821,ラウリッツ・アンデルセン・リング,6月、タンポポの種を吹く娘,オスロ国立美術館,オスロ / ノルウェー,,
B1,822,パブロ・ピカソ,招魂（カサジェマスの埋葬）,パリ市立近代美術館,パリ / フランス,,
B1,823,パブロ・ピカソ,自画像,ピカソ美術館,パリ / フランス,,
B1,824,パブロ・ピカソ,海辺の貧しい人々（悲劇）,ナショナル・ギャラリー,ワシントン / アメリカ,,
B1,825,パブロ・ピカソ,玉乗りの少女,プーシキン美術館,モスクワ / ロシア,,B
B1,826,パブロ・ピカソ,オルタ・デ・エブロの工場,エルミタージュ美術館,サンクト・ペテルブルグ / ロシア,,
B1,827,パブロ・ピカソ,カーンワイラーの肖像,シカゴ美術研究所,シカゴ / アメリカ,,
B1,828,パブロ・ピカソ,大きな浴女,オランジュリー美術館,パリ / フランス,,
B1,829,パブロ・ピカソ,マンドリンとギター,グッゲンハイム美術館,ニューヨーク / アメリカ,,
B1,830,パブロ・ピカソ,ダンス,テート・モダン,ロンドン / イギリス,,
B1,831,パブロ・ピカソ,窓辺に座る女,ピカソ美術館,パリ / フランス,,
B1,832,パブロ・ピカソ,女＝花（フランソワーズ）,個人蔵,スイス,,
B1,833,パブロ・ピカソ,遊ぶクロードとパロマ,個人蔵,パリ / フランス,,
B1,834,パブロ・ピカソ,裸婦とパイプの男,ローゼンガルト・コレクション,ルツェルン / スイス,,
B1,835,パブロ・ピカソ,自画像,個人蔵,,,
B1,925,ベン・ニコルソン,長靴を履いた猫に,マンチェスター市立美術館,マンチェスター / イギリス,,
B1,926,ベン・ニコルソン,静物（アベラールとエロイーズ）,カナダ国立美術館,オタワ / カナダ,,
B1,836,アメデオ・モディリアーニ,若い小間使い,オールブライト=ノックス美術館,バッファロー / アメリカ,,
B1,837,アメデオ・モディリアーニ,ポンパドゥール夫人の肖像,シカゴ美術研究所,シカゴ / アメリカ,,
B1,838,アメデオ・モディリアーニ,座る裸婦,コートールド美術研究所,ロンドン / イギリス,,B
B1,839,ジュール・パスキン,緑の帽子をかぶる裸婦,シンシナティ美術館,シンシナティ / アメリカ,,
B1,840,マリー・ローランサン,シャネル嬢の肖像,オランジュリー美術館,パリ / フランス,,
B1,841,モイーズ・キスリング,イングリッドの肖像,プティ・パレ美術館,ジュネーヴ / スイス,,
B1,842,モーリス・ユトリロ,ノートル=ダム,オランジュリー美術館,パリ / フランス,,
B1,843,ハイム・スーチン,倒れた木,オランジュリー美術館,パリ / フランス,,
B1,844,ジョルジュ・ルオー,老いた王,カーネギー美術館,ピッツバーグ / アメリカ,,
B1,845,バルテュス,美しい日々,ハーシュホーン美術館・彫刻庭園,ワシントン / アメリカ,,
B1,846,アンドレ・ドラン,コリウール、村と海,フォルクヴァング美術館,エッセン / ドイツ,,
B1,847,アンドレ・ドラン,セーヌの小舟,ポンピドゥー・センター(国立近代美術館),パリ / フランス,,
B1,848,アンドレ・ドラン,マティスの肖像,テート・モダン,ロンドン / イギリス,,
B1,849,アルベール・マルケ,ポン・ヌフ,ナショナル・ギャラリー,ワシントン / アメリカ,,
B1,850,ラウル・デュフィ,黒い貨物船,リヨン美術館,リヨン / フランス,,
B1,851,ラウル・デュフィ,ル・アーヴルの祭,パリ市立近代美術館,パリ / フランス,,
B1,852,ジョルジュ・ブラック,レスタックの家,ベルン美術館,ベルン / スイス,,
B1,853,ジョルジュ・ブラック,レスタック風景,アノンシアード美術館,サン・トロペ / フランス,,
B1,854,ジョルジュ・ブラック,ポルトガル人,バーゼル美術館,バーゼル / スイス,,
B1,855,ジョルジュ・ブラック,円卓,フィリップス・コレクション,ワシントン / アメリカ,,
B1,856,ジョルジュ・ブラック,アトリエⅡ,ノルトライン=ヴェストファーレン美術館,デュッセルドルフ / ドイツ,,
B1,857,フアン・グリス,ピカソ礼讚,シカゴ美術研究所,シカゴ / アメリカ,,
B1,858,フアン・グリス,ル・カニグー,オールブライト=ノックス美術館,バッファロー / アメリカ,,
B1,859,フアン・グリス,卓上のギター,クレラー=ミュラー美術館,オッテルロー / オランダ,,
B1,860,アメデ・オザンファン,コンポジション（灰色のテーブルに置かれた 水差し、ギター、グラスと酒瓶）,バーゼル美術館,バーゼル / スイス,,
B1,861,ル・コルビュジエ,女性と猫とティーポット,ル・コルビュジエ財団,パリ / フランス,,
2F 本館,862,ル・コルビュジエ （シャルル・エドゥアール・ジャンヌレ）,エスプリ・ヌーヴォー館の静物,ル・コルビュジエ財団,パリ / フランス,,
2F 本館,863,ル・コルビュジエ （シャルル・エドゥアール・ジャンヌレ）,垂直のギター,ル・コルビュジエ財団,パリ / フランス,,
2F 本館,864,アンドレ・ロート,バッカスの巫女,プティ・パレ美術館,ジュネーヴ / スイス,,
2F 本館,865,口べ一ル・ドローネー,赤いエッフェル塔,グッゲンハイム美術館,ニューヨーク / アメリカ,,
2F 本館,866,口べ一ル・ドローネー,環状の形態,グッゲンハイム美術館,ニューヨーク / アメリカ,,
2F 本館,867,フェルナン・レジェ,青衣の女,バーゼル美術館,バーゼル / スイス,,
2F 本館,868,フェルナン・レジェ,階段,チューリヒ美術館,チューリヒ / スイス,,
2F 本館,869,フェルナン・レジェ,トランプ遊びをする人々,クレラー=ミュラー美術館,オッテルロー / オランダ,,
2F 本館,870,フェルナン・レジェ,機械的要素,バーゼル美術館,バーゼル / スイス,,
2F 本館,871,フェルナン・レジェ,読書する人,ポンピドゥー・センター(国立近代美術館),パリ / フランス,,
2F 本館,872,フェルナン・レジェ,余暇：ルイ・ダヴィッド礼讃,ポンピドゥー・センター(国立近代美術館),パリ / フランス,,
2F 本館,873,パウル・クレー,赤・緑の諧調による、赤い円屋根のある都市像,パウル・クレー・センター,ベルン / スイス,,
2F 本館,874,パウル・クレー,開花,ヴィンタートゥール美術館,ヴィンタートゥール / スイス,,
2F 本館,875,パウル・クレー,本道と脇道,ルートヴィヒ美術館,ケルン / ドイツ,,
2F 本館,876,パウル・クレー,アド・パルナッスム,ベルン美術館,ベルン / スイス,,B
2F 本館,877,パウル・クレー,美しき女庭師（ビーダーマイヤー時代の亡霊）,パウル・クレー・センター,ベルン / スイス,,
2F 本館,878,パウル・クレー,無題：静物,パウル・クレー・センター,ベルン / スイス,,
2F 本館,879,マルク・シャガール,詩人：三時半,フィラデルフィア美術館,フィラデルフィア / アメリカ,,
2F 本館,880,マルク・シャガール,農夫の生活（ロシアの村）,オールブライト=ノックス美術館,バッファロー / アメリカ,,
2F 本館,881,マルク・シャガール,殉教者,チューリヒ美術館,チューリヒ / スイス,,
2F 本館,882,マルク・シャガール,彼女をめぐりて,ポンピドゥー・センター(国立近代美術館),パリ / フランス,,
2F 本館,883,マルク・シャガール,イカロスの墜落,ポンピドゥー・センター(国立近代美術館),パリ / フランス,,B
2F 本館,884,エルンスト・ルートヴィヒ・キルヒナー,モデルのいる自画像,ハンブルク美術館,ハンブルク / ドイツ,,
2F 本館,885,アウグスト・マッケ,牛とラクダのいる風景,チューリヒ美術館,チューリヒ / スイス,,
2F 本館,886,アウグスト・マッケ,樹の下の少女たち,ミュンヘン国立近代美術館,ミュンヘン / ドイツ,,
2F 本館,887,フランツ・マルク,黄色い牝牛,グッゲンハイム美術館,ニューヨーク / アメリカ,,
2F 本館,888,フランツ・マルク,闘争する形態,ミュンヘン国立近代美術館,ミュンヘン / ドイツ,,
2F 本館,889,マックス・ベックマン,夜,ノルトライン=ヴェストファーレン美術館,デュッセルドルフ / ドイツ,,
2F 本館,890,マックス・ベックマン,女の楽隊,ミュンヘン国立近代美術館,ミュンヘン / ドイツ,,
2F 本館,891,ウンベルト・ボッチョーニ,水平の量感,ミュンヘン国立近代美術館,ミュンヘン / ドイツ,,
2F 本館,892,ウンベルト・ボッチョーニ,弾性,ミラノ市立近代美術館,ミラノ / イタリア,,
2F 本館,893,ジャコモ・バッラ,鎖につながれた犬のダイナミズム,オールブライト=ノックス美術館,バッファロー / アメリカ,,B
2F 本館,894,ジャコモ・バッラ,抽象的スピード：通り過ぎた車,テート・モダン,ロンドン / イギリス,,
2F 本館,895,ルイージ・ルッソロ,自動車のダイナミズム,ポンピドゥー・センター(国立近代美術館),パリ / フランス,,
2F 本館,896,マルセル・デュシャン,花嫁,フィラデルフィア美術館,フィラデルフィア / アメリカ,,
2F 本館,897,マルセル・デュシャン,階段を降りる裸体No.2,フィラデルフィア美術館,フィラデルフィア / アメリカ,,A
2F 本館,898,ピート・モンドリアン,木々,カーネギー美術館,ピッツバーグ / アメリカ,,
2F 本館,899,ピート・モンドリアン,ショウガ壺のある静物Ⅱ,グッゲンハイム美術館（寄託）,ニューヨーク / アメリカ,,
2F 本館,900,ピート・モンドリアン,赤、黄、青のコンポジション,ハーグ市立美術館,ハーグ / オランダ,,A
2F 本館,901,カジミール・マレーヴィチ,スプレムスNo.57,ルートヴィヒ美術館,ケルン / ドイツ,,
2F 本館,902,ラースロー・モホリ・ナギ,LIS,チューリヒ美術館,チューリヒ / スイス,,
2F 本館,903,ジョルジョ・モランディ,静物,ボローニャ市立近代美術館,ボローニャ / イタリア,,
2F 本館,904,ジョルジョ・モランディ,静物,個人蔵,ミラノ / イタリア,,
2F 本館,905,カルロ・カッラ,形而上的なミューズ,ブレラ絵画館,ミラノ / イタリア,,
2F 本館,906,ジョルジョ・デ・キリコ,予言者の報酬,フィラデルフィア美術館,フィラデルフィア / アメリカ,,
2F 本館,907,ジョルジョ・デ・キリコ,,個人蔵,ミラノ / イタリア,,
2F 本館,908,ジョルジョ・デ・キリコ,不安がらせる女神たち,個人蔵,,,
2F 本館,909,ジョアン・ミロ,農場,ナショナル・ギャラリー,ワシントン / アメリカ,,B
2F 本館,910,ジョアン・ミロ,耕地,グッゲンハイム美術館,ニューヨーク / アメリカ,,
2F 本館,911,ジョアン・ミロ,躍動する人物,ノルトライン=ヴェストファーレン美術館,デュッセルドルフ / ドイツ,,
2F 本館,912,ジョアン・ミロ,自画像,ミロ美術館（寄託）,バルセロナ / スペイン,,
2F 本館,913,サルバドール・ダリ,ゆでたインゲン豆のある柔らかい構造：内戦の予感,フィラデルフィア美術館,フィラデルフィア / アメリカ,,A
2F 本館,914,サルバドール・ダリ,ナルキッソスの変貌,テート・モダン,ロンドン / イギリス,,A
2F 本館,915,マックス・エルンスト,生きる喜び,スコットランド国立近代美術館,エディンバラ / イギリス,,
2F 本館,916,マックス・エルンスト,雨上がりのヨーロッパ,ウォズワース・アシニーアム,ハートフォード / アメリカ,,
2F 本館,917,マックス・エルンスト,沈黙の目,ワシントン大学美術館,セントルイス / アメリカ,,
2F 本館,918,ポール・デルヴォー,ローマヘの道,デルヴォー財団,サンティデスバルド / ベルギー,,
2F 本館,919,ジャン・フォートリエ,裸体,ロサンゼルス現代美術館,ロサンゼルス / アメリカ,,
2F 本館,920,ジャン・フォートリエ,ごく若い娘,イル・ド・フランス美術館,ソー / フランス,,
2F 本館,921,イヴ・クライン,人体測定プリント,ポンピドゥー・センター(国立近代美術館),パリ / フランス,,
2F 本館,922,イヴ・クライン,青のモノクローム,ポンピドゥー・センター(国立近代美術館),パリ / フランス,,
2F 本館,923,ハンス・アルトゥング,T1949-9,ノルトライン=ヴェストファーレン美術館,デュッセルドルフ / ドイツ,,
2F 本館,924,ピエール・スーラージュ,絵画,フォルクヴァング美術館,エッセン / ドイツ,,
2F 本館,927,ピーター・ブレイク,バルコニーにて,テート・ブリテン,ロンドン / イギリス,,
2F 本館,928,スチュアート・デイヴィス,ブリプスとイフス,エイモン・カーター美術館,フォートワース / アメリカ,,
2F 本館,929,アンディ・ウォーホル,マリリンの二連画,テート・モダン,ロンドン / イギリス,,A
2F 本館,930,アンディ・ウォーホル,10の緑色の惨事,フランクフルト近代美術館,フランクフルト / ドイツ,,
2F 本館,931,ロイ・リキテンスタイン,ステッピング・アウト,メトロポリタン美術館,ニューヨーク / アメリカ,,
2F 本館,932,リチャード・ハミルトン,私はホワイト・クリスマスを夢見ている,バーゼル美術館,バーゼル / スイス,,
2F 本館,933,ロバート・ラウシェンバーグ,マースデイ・マン（アナグラムーAPun）,個人蔵,ニューヨーク / アメリカ,,
2F 本館,934,ハンス・ホフマン,第三の手,カリフォルニア大学バークリー美術館,バークリー / アメリカ,,
2F 本館,935,ハンス・ホフマン,春分,カリフォルニア大学バークリー美術館,バークリー / アメリカ,,
2F 本館,936,クリフォード・スティル,絵画,デトロイト美術研究所,デトロイト / アメリカ,,
2F 本館,937,サム・フランシス,ホワイト・ライン,ナショナル・ギャラリー,ワシントン / アメリカ,,
2F 本館,938,マーク・ロスコ,No.1、白と赤,オンタリオ美術館,トロント / カナダ,,B
2F 本館,939,マーク・ロスコ,No.1（No.18、1948）,ヴァッサー・カレッジ美術館,プーキプシー / アメリカ,,
2F 本館,940,フランツ・クライン,C&O,ナショナル・ギャラリー,ワシントン / アメリカ,,
2F 本館,941,フランツ・クライン,ニューヨーク,オールブライト=ノックス美術館,バッファロー / アメリカ,,
2F 本館,942,アーシル・ゴーキー,オーガニゼーション,ナショナル・ギャラリー,ワシントン / アメリカ,,
2F 本館,943,アーシル・ゴーキー,肝臓は雄鶏のとさか,オールブライト=ノックス美術館,バッファロー / アメリカ,,
2F 本館,944,ウィレム・デ・クーニング,発掘,シカゴ美術研究所,シカゴ / アメリカ,,
2F 本館,945,ジャクソン・ポロック,雄と雌,フィラデルフィア美術館,フィラデルフィア / アメリカ,,
2F 本館,948,ジョゼフ・アルバース,正方形讚歌,ジョゼフ・アルバース財団,オレンジ / アメリカ,,
2F 本館,949,オーギュスト・エルバン,真夜中,チューリヒ美術館,チューリヒ / スイス,,
2F 本館,950,ケネス・ノーランド,イエロー・ハーフ,オールブライト=ノックス美術館,バッファロー / アメリカ,,
2F 本館,946,ジャクソン・ポロック,深み,ポンピドゥー・センター(国立近代美術館),パリ / フランス,,
2F 本館,947,ジャクソン・ポロック,秋のリズム：No.30,メトロポリタン美術館,ニューヨーク / アメリカ,,A
2F 本館,951,パブロ・ピカソ,ゲルニカ,レイナ・ソフィア国立美術館,マドリード / スペイン,,S
2F 本館,952,ブリジット・ライリー,力強い歌,テート・モダン,ロンドン / イギリス,,
2F 本館,953,ピエトロ・カヴァッリーニ,キリストの神殿奉献,サンタ・マリーア・イン・トラステーヴェレ聖堂,ローマ / イタリア,,
2F 本館,954,パオロ・ウッチェッロ,,マルケ国立絵画館,ウルビーノ / イタリア,,
2F 本館,955,,ヘディステの彩色墓碑,アサネッサケイオン考古学博物館,ヴォロス / ギリシア,,
2F 本館,956,中部イタリア派の画家,理想都市,ウォルターズ美術館,ボルティモア / アメリカ,,
2F 本館,957,ピエロ・デッラ・フランチェスカ,,マルケ国立絵画館,ウルビーノ / イタリア,,
2F 本館,958,クロード・ロラン,シバの女王の乗船,ナショナル・ギャラリー,ロンドン / イギリス,,
2F 本館,959,エマニュエル・デ・ウィッテ,教会の内部,ボイマンス=ファン・べ一ニンゲン美術館,ロッテルダム / オランダ,,
2F 本館,960,サロモン・ファン・ライスダール,レーネンの眺望,ナショナル・ギャラリー,ロンドン / イギリス,,
2F 本館,966,,フェデリーコ・ダ・モンテフェルトロのストゥディオーロ,パラッツォ・ドゥカーレ（マルケ国立美術館）,ウルビーノ / イタリア,,
2F 本館,961,ヤーコポ・ダ・ポントルモ,エジプトにおけるヨセフ,ナショナル・ギャラリー,ロンドン / イギリス,,
2F 本館,962,タッデオ・ガッディ,聖母の神殿奉献,サンタ・クローチェ聖堂バロンチェッリ礼拝堂,フィレンツェ / イタリア,,
2F 本館,963,マザッチョ,三位一体,サンタ・マリーア・ノヴェッラ聖堂,フィレンツェ / イタリア,,
2F 本館,964,エル・グレコ,無原罪の御宿り,サンタ・クルス美術館,トレド / スペイン,,
2F 本館,965,ティントレット,聖マルコの遺体の発見,ブレラ絵画館,ミラノ / イタリア,,
1F 本館,968,ヘンリー・ケトル（?）,少女と糸につないだ小鳥,ブールハーフェ美術館,レイデン / オランダ,,
1F 本館,969,マティアス・ストーム,聖ヒエロニムス,ユトレヒト中央美術館,ユトレヒト / オランダ,,
1F 本館,970,ヤン・ファン・エイク,受胎告知,ドレスデン古典絵画館,ドレスデン / ドイツ,,
1F 本館,971,ディルク・バウツ,本と洗面器のある静物,ボイマンス=ファン・べ一ニンゲン美術館,ロッテルダム / オランダ,,
1F 本館,972,フランクフルトの画家,画家とその妻,アントウェルペン王立美術館,アントウェルペン / ベルギー,,
1F 本館,973,アンブロシウス・ボスハールト,壁龕のなかの花瓶の花,マウリッツハイス美術館,ハーグ / オランダ,,
1F 本館,974,バレント・ファン・デル・メール（?）,パンとワイングラスのある静物,ハンブルク美術館,ハンブルク / ドイツ,,
1F 本館,975,アドリアーン・ファン・デル・スペルト /フランス・ファン・ミーリス,花のある静物,シカゴ美術研究所,シカゴ / アメリカ,,
1F 本館,976,コルネリス・ヘイスブレヒツ,トロンプ・ルイユのトロンプ・ルイユ,ボストン美術館,ボストン / アメリカ,,
1F 本館,977,ヴァルラント・ヴァイヤン,手紙掛け,ドレスデン古典絵画館,ドレスデン / ドイツ,,
1F 本館,978,エドワード・コリア,手紙掛け,デ・ラケンハル市立美術館,レイデン / オランダ,,
1F 本館,979,サミュエル・ファン・ホーホストラーテン,窓辺の老人,ウィーン美術史美術館,ウィーン / オーストリア,,
1F 本館,980,ルロワ・ド・バルド,鳥の標本,ルーヴル美術館,パリ / フランス,,
1F 本館,981,ジョン・フレデリック・ピート,貧者の店先,ボストン美術館,ボストン / アメリカ,,
1F 本館,982,アントネッロ・ダ・メッシーナ,キリストの磔刑,ナショナル・ギャラリー,ロンドン / イギリス,,
1F 本館,983,ジョット派,キリストの降誕,サン・フランチェスコ聖堂下堂,アッシジ / イタリア,,
1F 本館,984,フラ・アンジェリコ,受胎告知,プラド美術館,マドリード / スペイン,,
1F 本館,985,アーニョロ・ブロンズィーノ,聖家族、聖アンナと聖ヨハネ,ウィーン美術史美術館,ウィーン / オーストリア,,
1F 本館,986,シモン・ヴーエ,希望と愛と美に打ち負かされる時,ベリー美術館,ブールジュ / フランス,,
1F 本館,987,ポール・ゴーギャン,われわれは何処から来たのか? われわれは何者であるのか? われわれは何処へ行かんとしているのか?,ボストン美術館,ボストン / アメリカ,,A
1F 本館,988,ティツィアーノ,人生の三世代,スコットランド国立美術館,エディンバラ / イギリス,,
1F 本館,989,ニコラ・プッサン,春（地上の楽園）,ルーヴル美術館,パリ / フランス,,
1F 本館,990,ニコラ・プッサン,夏（ルツとボアズ）,ルーヴル美術館,パリ / フランス,,
1F 本館,991,ニコラ・プッサン,秋（約束の地のブドウを運ぶ偵察たち）,ルーヴル美術館,パリ / フランス,,
1F 本館,992,ニコラ・プッサン,冬（大洪水）,ルーヴル美術館,パリ / フランス,,
1F 本館,993,ヘルマン・ファン・ステーンウェイク,静物：虚栄の寓意,ナショナル・ギャラリー,ロンドン / イギリス,,
1F 本館,994,フラ・アンジェリコ,最後の審判,サン・マルコ美術館,フィレンツェ / イタリア,,
1F 本館,995,ディエーゴ・ベラスケス,キリストの磔刑（サン・プラシドのキリスト）,プラド美術館,マドリード / スペイン,,
1F 本館,996,シュテファン・ロッホナー,最後の審判,ヴァルラフ=リヒャルツ美術館,ケルン / ドイツ,,
1F 本館,997,ピエロ・デッラ・フランチェスカ,キリストの復活,サンセポルクロ市立美術館,サンセポルクロ / イタリア,,
1F 本館,998,ハンス・バルドゥング・グリーン,人生の三段階と死,ウィーン美術史美術館,ウィーン / オーストリア,,
1F 本館,999,エル・グレコ,悔悛するマグダラのマリア,ウースター美術館,ウースター / アメリカ,,
1F 本館,1000,アントニー・ヴィールツ,麗しのロジーヌ,ヴィールツ美術館,ブリュッセル / ベルギー,,
1F 本館,1001,ハンス・バルドゥング・グリーン,死と女,バーゼル美術館,バーゼル / スイス,,
1F 本館,1002,ピーテル・ブリューゲル（父）,死の勝利,プラド美術館,マドリード / スペイン,,A
1F 本館,1003,,メメント・モリ,ナポリ国立考古学博物館,ナポリ / イタリア,,
1F 本館,1004,,三人の生者と三人の死者の出会い,サン・ベネデット修道院,スビアーコ / イタリア,,
1F 本館,1005,ニコラ・プッサン,アルカディアの牧人たち,ルーヴル美術館,パリ / フランス,,
1F 本館,1006,フアン・デ・バルデス・レアール,束の間の命,サンタ・カリダード病院,セビーリャ / スペイン,,
1F 本館,1007,アントニオ・デ・ペレーダ,騎士の夢,サン・フェルナンド王立美術アカデミー付属美術館,マドリード / スペイン,,
1F 本館,1008,ルイス・デ・モラーレス,福者フアン・デ・リベーラの魂の審判,パトリアルカ美術館,バレンシア / スペイン,,
1F 本館,1009,ペドロ・ベルゲーテ,異端者を裁くグスマンの聖ドミニクス,プラド美術館,マドリード / スペイン,,
1F 本館,1010,バルトロメ・ムリーリョ,カナの婚礼,バーミンガム大学バーバー美術研究所,バーミンガム / イギリス,,
1F 本館,1011,ディルク・バウツ,シモンの家での食事,ベルリン国立美術館,ベルリン / ドイツ,,
1F 本館,1012,カラヴァッジョ,,ナショナル・ギャラリー,ロンドン / イギリス,,
1F 本館,1013,フアン・デ・フアネス,,プラド美術館,マドリード / スペイン,,
1F 本館,1014,ル・ナン兄弟,農民の食事,ルーヴル美術館,パリ / フランス,,
1F 本館,1015,フランシスコ・デ・スルバラン,聖ユーグの奇跡,セビーリャ美術館,セビーリャ / スペイン,,
1F 本館,1016,ヤン・モスタールト（?）,食卓の聖家族,ヴァルラフ=リヒャルツ美術館,ケルン / ドイツ,,
1F 本館,1017,フランス・ハルス,シント・ヨーリス自警団幹部の祝宴,フランス・ハルス美術館,ハールレム / オランダ,,
2F 本館,1018,ピーテル・ブリューゲル（父）,農民の婚宴,ウィーン美術史美術館,ウィーン / オーストリア,,A
2F 本館,1019,オーギュスト・ルノワール,ボート遊びの人々の食事,フィリップス・コレクション,ワシントン / アメリカ,,A
2F 本館,1020,ヤーコプ・ヨルダーンス,王様が飲む,ブリュッセル王立美術館,ブリュッセル / ベルギー,,
2F 本館,1021,ディエーゴ・ベラスケス,卵を料理する老女と少年,スコットランド国立美術館,エディンバラ / イギリス,,
2F 本館,1022,フィンセント・ファン・ゴッホ,ジャガイモを食べる人々,ゴッホ美術館,アムステルダム / オランダ,,A
2F 本館,1023,アレッサンドロ・マニャスコ,ジプシーたちの食事,ウフィツィ美術館,フィレンツェ / イタリア,,
2F 本館,1024,ピエール・ボナール,食卓,テート・モダン,ロンドン / イギリス,,
2F 本館,1025,ポール・ゴーギャン,食事（バナナ）,オルセー美術館,パリ / フランス,,
2F 本館,1026,アンニーバレ・カラッチ,豆を食べる男,コロンナ美術館,ローマ / イタリア,,
2F 本館,1027,エル・グレコ,聖家族と聖アンナ,タベーラ施療院,トレド / スペイン,,
2F 本館,1028,フランス・ハルス,風景のなかの家族,ナショナル・ギャラリー,ロンドン / イギリス,,
2F 本館,1029,ヤーコプ・ヨルダーンス,画家の家族の肖像,エルミタージュ美術館,サンクト・ペテルブルグ / ロシア,,
2F 本館,1030,レンブラント・ファン・レイン,家族の肖像,ヘルツォーク・アントン・ウルリヒ美術館,ブラウンシュヴァイク / ドイツ,,
2F 本館,1031,ジュゼッペ・アルチンボルド,皇帝マクシミリアン2世とその家族,ウィーン美術史美術館,ウィーン / オーストリア,,
2F 本館,1032,アンソニー・ヴァン・ダイク,家族の肖像,デトロイト美術研究所,デトロイト / アメリカ,,
2F 本館,1033,ル・ナン兄弟,祖母の家を訪れる家族,エルミタージュ美術館,サンクト・ペテルブルグ / ロシア,,
2F 本館,1034,ピーテル・パウル・リュベンス,エレーヌ・フールマンと子どもたち,ルーヴル美術館,パリ / フランス,,
2F 本館,1035,ウィリアム・ホガース,ストロード家の人々,テート・ブリテン,ロンドン / イギリス,,
2F 本館,1036,ピエトロ・ロンギ,貴族の家庭,カ・レッツォーニコ,ヴェネツィア / イタリア,,
2F 本館,1037,トマス・ゲインズバラ,ベイリー家の人々,テート・ブリテン,ロンドン / イギリス,,
2F 本館,1038,ロバート・マルティノー,懐かしいわが家での最後の日,テート・ブリテン,ロンドン / イギリス,,
2F 本館,1039,ヤーコプ・ヨルダーンス,老いは歌い、若きは奏でる,アントウェルペン王立美術館,アントウェルペン / ベルギー,,
2F 本館,1040,フレデリック・バジール,家族の集い,オルセー美術館,パリ / フランス,,
2F 本館,1041,ジョン・シンガー・サージェント,ヴィッカーズ家の娘たち,グレーヴズ美術館,シェフィールド / イギリス,,
2F 本館,1042,テオ・ファン・レイセルベルヘ,果樹園の家族,クレラー=ミュラー美術館,オッテルロー / オランダ,,
2F 本館,1043,ジャン・クーザン,エヴァ・プリマ・パンドラ,ルーヴル美術館,パリ / フランス,,
2F 本館,1044,ギュスターヴ・モロー,まぼろし,モロー美術館,パリ / フランス,,
2F 本館,1045,ロヴィス・コリント,サロメ,ライプツィヒ美術館,ライプツィヒ / ドイツ,,
2F 本館,1046,ヤーコプ・ヨルダーンス,カンダウレス王の寝室のギュゲス,ストックホルム国立美術館,ストックホルム / スウェーデン,,
2F 本館,1047,ピーテル・パウル・リュベンス,サムソンとデリラ,ナショナル・ギャラリー,ロンドン / イギリス,,
2F 本館,1048,レンブラント・ファン・レイン,ダヴィデの手紙を持つバテシバ,ルーヴル美術館,パリ / フランス,,
2F 本館,1049,クリストーファノ・アッローリ,ユーディット,ピッティ美術館,フィレンツェ / イタリア,,
2F 本館,1050,グスタフ・クリムト,ユーディットⅠ,ベルヴェデーレ宮殿,ウィーン / オーストリア,,A
2F 本館,1051,アルテミジア・ジェンティレスキ,ユーディット,デトロイト美術研究所,デトロイト / アメリカ,,
2F 本館,1052,エドワード・バーン=ジョーンズ,水底深く,フォッグ美術館,ケンブリッジ / アメリカ,,
2F 本館,1053,エドヴァルト・シュタインレ,ローレライ,シャック・ガレリー,ミュンヘン / ドイツ,,
2F 本館,1054,ジョン・ウィリアム・ウォーターハウス,海に毒を流すキルケ,南オーストラリア美術館,アデレード / オーストラリア,,
2F 本館,1055,フランツ・フォン・シュトゥック,罪,ノイエ・ピナコテーク,ミュンヘン / ドイツ,,
2F 本館,1056,フレデリック・サンズ,モーガン・ル・フェイ,バーミンガム市立美術館,バーミンガム / イギリス,,
2F 本館,1058,ジョヴァンニ・セガンティーニ,悪しき母たち,オーストリア美術館,ウィーン / オーストリア,,
2F 本館,1059,フェルナン・クノップフ,愛撫,ブリュッセル王立美術館,ブリュッセル / ベルギー,,
2F 本館,1061,レンブラント・ファン・レイン,無帽の自画像,ルーヴル美術館,パリ / フランス,,
2F 本館,1062,レンブラント・ファン・レイン,縁なし帽をかぶった自画像,ルーヴル美術館,パリ / フランス,,
2F 本館,1063,レンブラント・ファン・レイン（?）,羽飾り帽をかぶったレンブラント,ベルリン国立美術館,ベルリン / ドイツ,,
2F 本館,1064,レンブラント・ファン・レイン,サスキアを膝に抱く自画像,ドレスデン古典絵画館,ドレスデン / ドイツ,,
2F 本館,1065,レンブラント・ファン・レイン,死んだゴイサギを掲げる自画像,ドレスデン古典絵画館,ドレスデン / ドイツ,,
2F 本館,1066,レンブラント・ファン・レイン,自画像,スコットランド国立美術館,エディンバラ / イギリス,,
2F 本館,1067,レンブラント・ファン・レイン,腰に手を当てる自画像,ウィーン美術史美術館,ウィーン / オーストリア,,
2F 本館,1068,レンブラント・ファン・レイン,自画像,ナショナル・ギャラリー,ロンドン / イギリス,,
2F 本館,1069,レンブラント・ファン・レイン,カンヴァスに向かう自画像,ルーヴル美術館,パリ / フランス,,
2F 本館,1070,レンブラント・ファン・レイン,パレットを持つ自画像,ケンウッド・ハウス,ケンウッド（ロンドン） / イギリス,,
2F 本館,1071,レンブラント・ファン・レイン,聖パウロに扮した自画像,アムステルダム国立美術館,アムステルダム / オランダ,,
2F 本館,1072,レンブラント・ファン・レイン（?）,自画像,ウフィツィ美術館,フィレンツェ / イタリア,,
2F 本館,1073,レンブラント・ファン・レイン,ゼウクシスとしての自画像,ヴァルラフ=リヒャルツ美術館,ケルン / ドイツ,,
2F 本館,1074,レンブラント・ファン・レイン,自画像,マウリッツハイス美術館,ハーグ / オランダ,,
